,MSA,Year,Population,Overdose Deaths,Unintentional Overdose Deaths,Alcohol-Induced Deaths
0,"Atlanta-Sandy Springs-Alpharetta, GA MSA",2007,1550291.0,155.0,26.0,57.0
1,"Atlanta-Sandy Springs-Alpharetta, GA MSA",2008,1574340.0,171.0,31.0,66.0
2,"Atlanta-Sandy Springs-Alpharetta, GA MSA",2009,1596169.0,133.0,40.0,40.0
3,"Atlanta-Sandy Springs-Alpharetta, GA MSA",2010,1612474.0,166.0,46.0,107.0
4,"Atlanta-Sandy Springs-Alpharetta, GA MSA",2011,1649492.0,156.0,61.0,96.0
5,"Atlanta-Sandy Springs-Alpharetta, GA MSA",2012,1684862.0,154.0,50.0,58.0
6,"Atlanta-Sandy Springs-Alpharetta, GA MSA",2013,1697633.0,167.0,49.0,81.0
7,"Atlanta-Sandy Springs-Alpharetta, GA MSA",2014,1718480.0,208.0,31.0,69.0
8,"Atlanta-Sandy Springs-Alpharetta, GA MSA",2015,1745433.0,236.0,89.0,72.0
9,"Atlanta-Sandy Springs-Alpharetta, GA MSA",2016,1763657.0,260.0,87.0,53.0
10,"Atlanta-Sandy Springs-Alpharetta, GA MSA",2017,1794676.0,260.0,215.0,147.0
11,"Atlanta-Sandy Springs-Alpharetta, GA MSA",2018,1806672.0,281.0,229.0,160.0
12,"Atlanta-Sandy Springs-Alpharetta, GA MSA",2019,1823234.0,271.0,225.0,151.0
13,"Atlanta-Sandy Springs-Alpharetta, GA MSA",2020,1839411.0,339.0,290.0,224.0
14,"Austin-Round Rock-Georgetown, TX MSA",2007,955399.0,111.0,10.0,20.0
15,"Austin-Round Rock-Georgetown, TX MSA",2008,980699.0,82.0,13.0,23.0
16,"Austin-Round Rock-Georgetown, TX MSA",2009,1006503.0,120.0,95.0,77.0
17,"Austin-Round Rock-Georgetown, TX MSA",2010,1024266.0,122.0,98.0,84.0
18,"Austin-Round Rock-Georgetown, TX MSA",2011,1063130.0,155.0,136.0,69.0
19,"Austin-Round Rock-Georgetown, TX MSA",2012,1095584.0,158.0,140.0,13.0
20,"Austin-Round Rock-Georgetown, TX MSA",2013,1120954.0,158.0,10.0,14.0
21,"Austin-Round Rock-Georgetown, TX MSA",2014,1151145.0,134.0,16.0,16.0
22,"Austin-Round Rock-Georgetown, TX MSA",2015,1176558.0,139.0,12.0,11.0
23,"Austin-Round Rock-Georgetown, TX MSA",2016,1199323.0,149.0,125.0,14.0
24,"Austin-Round Rock-Georgetown, TX MSA",2017,1226698.0,148.0,125.0,13.0
25,"Austin-Round Rock-Georgetown, TX MSA",2018,1248743.0,163.0,15.0,20.0
26,"Austin-Round Rock-Georgetown, TX MSA",2019,1273954.0,170.0,148.0,119.0
27,"Austin-Round Rock-Georgetown, TX MSA",2020,1300503.0,221.0,193.0,167.0
28,"Baltimore-Columbia-Towson, MD MSA",2007,1470222.0,309.0,21.0,82.0
29,"Baltimore-Columbia-Towson, MD MSA",2008,1470351.0,225.0,36.0,96.0
30,"Baltimore-Columbia-Towson, MD MSA",2009,1476670.0,278.0,35.0,78.0
31,"Baltimore-Columbia-Towson, MD MSA",2010,1484381.0,206.0,37.0,81.0
32,"Baltimore-Columbia-Towson, MD MSA",2011,1490726.0,196.0,42.0,77.0
33,"Baltimore-Columbia-Towson, MD MSA",2012,1502480.0,255.0,72.0,80.0
34,"Baltimore-Columbia-Towson, MD MSA",2013,1512185.0,264.0,70.0,78.0
35,"Baltimore-Columbia-Towson, MD MSA",2014,1527223.0,342.0,67.0,78.0
36,"Baltimore-Columbia-Towson, MD MSA",2015,1531384.0,406.0,122.0,88.0
37,"Baltimore-Columbia-Towson, MD MSA",2016,1522713.0,656.0,149.0,95.0
38,"Baltimore-Columbia-Towson, MD MSA",2017,1524404.0,732.0,190.0,104.0
39,"Baltimore-Columbia-Towson, MD MSA",2018,1511803.0,834.0,235.0,116.0
40,"Baltimore-Columbia-Towson, MD MSA",2019,1502817.0,899.0,224.0,141.0
41,"Baltimore-Columbia-Towson, MD MSA",2020,1495743.0,1076.0,394.0,162.0
42,"Birmingham-Hoover, AL MSA",2007,918002.0,147.0,36.0,56.0
43,"Birmingham-Hoover, AL MSA",2008,926267.0,150.0,102.0,70.0
44,"Birmingham-Hoover, AL MSA",2009,934158.0,178.0,42.0,49.0
45,"Birmingham-Hoover, AL MSA",2010,937144.0,119.0,41.0,53.0
46,"Birmingham-Hoover, AL MSA",2011,941265.0,167.0,41.0,40.0
47,"Birmingham-Hoover, AL MSA",2012,946187.0,166.0,101.0,23.0
48,"Birmingham-Hoover, AL MSA",2013,949967.0,186.0,45.0,24.0
49,"Birmingham-Hoover, AL MSA",2014,954145.0,297.0,62.0,41.0
50,"Birmingham-Hoover, AL MSA",2015,956154.0,253.0,43.0,25.0
51,"Birmingham-Hoover, AL MSA",2016,958162.0,331.0,53.0,45.0
52,"Birmingham-Hoover, AL MSA",2017,961001.0,341.0,240.0,74.0
53,"Birmingham-Hoover, AL MSA",2018,963697.0,322.0,215.0,107.0
54,"Birmingham-Hoover, AL MSA",2019,965787.0,330.0,234.0,100.0
55,"Birmingham-Hoover, AL MSA",2020,967509.0,443.0,329.0,119.0
56,"Boston-Cambridge-Newton, MA-NH MSA",2007,693368.0,152.0,208.0,44.0
57,"Boston-Cambridge-Newton, MA-NH MSA",2008,702201.0,112.0,223.0,90.0
58,"Boston-Cambridge-Newton, MA-NH MSA",2009,716214.0,147.0,42.0,18.0
59,"Boston-Cambridge-Newton, MA-NH MSA",2010,722023.0,103.0,31.0,24.0
60,"Boston-Cambridge-Newton, MA-NH MSA",2011,730932.0,129.0,309.0,129.0
61,"Boston-Cambridge-Newton, MA-NH MSA",2012,744426.0,114.0,313.0,176.0
62,"Boston-Cambridge-Newton, MA-NH MSA",2013,755503.0,147.0,162.0,55.0
63,"Boston-Cambridge-Newton, MA-NH MSA",2014,767254.0,146.0,177.0,59.0
64,"Boston-Cambridge-Newton, MA-NH MSA",2015,778121.0,201.0,132.0,52.0
65,"Boston-Cambridge-Newton, MA-NH MSA",2016,784230.0,284.0,162.0,84.0
66,"Boston-Cambridge-Newton, MA-NH MSA",2017,797939.0,293.0,174.0,47.0
67,"Boston-Cambridge-Newton, MA-NH MSA",2018,807252.0,257.0,186.0,102.0
68,"Boston-Cambridge-Newton, MA-NH MSA",2019,803907.0,261.0,237.0,75.0
69,"Boston-Cambridge-Newton, MA-NH MSA",2020,801582.0,329.0,302.0,86.0
70,"Buffalo-Cheektowaga, NY MSA",2007,1137678.0,107.0,95.0,78.0
71,"Buffalo-Cheektowaga, NY MSA",2008,1136364.0,124.0,28.0,67.0
72,"Buffalo-Cheektowaga, NY MSA",2009,1195309.0,117.0,274.0,92.0
73,"Buffalo-Cheektowaga, NY MSA",2010,1135509.0,114.0,23.0,109.0
74,"Buffalo-Cheektowaga, NY MSA",2011,1134039.0,140.0,211.0,80.0
75,"Buffalo-Cheektowaga, NY MSA",2012,1134210.0,130.0,269.0,130.0
76,"Buffalo-Cheektowaga, NY MSA",2013,1134115.0,181.0,228.0,85.0
77,"Buffalo-Cheektowaga, NY MSA",2014,1136360.0,191.0,187.0,99.0
78,"Buffalo-Cheektowaga, NY MSA",2015,1194167.0,356.0,285.0,93.0
79,"Buffalo-Cheektowaga, NY MSA",2016,1191286.0,377.0,354.0,121.0
80,"Buffalo-Cheektowaga, NY MSA",2017,1194812.0,356.0,384.0,271.0
81,"Buffalo-Cheektowaga, NY MSA",2018,1187663.0,305.0,498.0,348.0
82,"Buffalo-Cheektowaga, NY MSA",2019,1225122.0,272.0,216.0,144.0
83,"Buffalo-Cheektowaga, NY MSA",2020,1182631.0,397.0,356.0,180.0
84,"Charlotte-Concord-Gastonia, NC-SC MSA",2007,1234217.0,133.0,94.0,113.0
85,"Charlotte-Concord-Gastonia, NC-SC MSA",2008,1266743.0,148.0,90.0,130.0
86,"Charlotte-Concord-Gastonia, NC-SC MSA",2009,1290372.0,149.0,116.0,75.0
87,"Charlotte-Concord-Gastonia, NC-SC MSA",2010,1223792.0,134.0,65.0,84.0
88,"Charlotte-Concord-Gastonia, NC-SC MSA",2011,1327825.0,152.0,99.0,107.0
89,"Charlotte-Concord-Gastonia, NC-SC MSA",2012,1353867.0,176.0,206.0,57.0
90,"Charlotte-Concord-Gastonia, NC-SC MSA",2013,1377184.0,153.0,107.0,96.0
91,"Charlotte-Concord-Gastonia, NC-SC MSA",2014,1400571.0,189.0,128.0,93.0
92,"Charlotte-Concord-Gastonia, NC-SC MSA",2015,1344391.0,188.0,214.0,142.0
93,"Charlotte-Concord-Gastonia, NC-SC MSA",2016,1450112.0,282.0,316.0,144.0
94,"Charlotte-Concord-Gastonia, NC-SC MSA",2017,1476756.0,285.0,228.0,162.0
95,"Charlotte-Concord-Gastonia, NC-SC MSA",2018,1498162.0,291.0,234.0,184.0
96,"Charlotte-Concord-Gastonia, NC-SC MSA",2019,1518943.0,272.0,239.0,139.0
97,"Charlotte-Concord-Gastonia, NC-SC MSA",2020,1542645.0,347.0,314.0,182.0
98,"Chicago-Naperville-Elgin, IL-IN-WI MSA",2007,8219573.0,794.0,1458.0,545.0
99,"Chicago-Naperville-Elgin, IL-IN-WI MSA",2008,8252073.0,859.0,2020.0,729.0
100,"Chicago-Naperville-Elgin, IL-IN-WI MSA",2009,8289812.0,854.0,706.0,475.0
101,"Chicago-Naperville-Elgin, IL-IN-WI MSA",2010,8316650.0,814.0,616.0,440.0
102,"Chicago-Naperville-Elgin, IL-IN-WI MSA",2011,8357284.0,865.0,647.0,489.0
103,"Chicago-Naperville-Elgin, IL-IN-WI MSA",2012,8374608.0,1007.0,730.0,498.0
104,"Chicago-Naperville-Elgin, IL-IN-WI MSA",2013,8389726.0,966.0,712.0,459.0
105,"Chicago-Naperville-Elgin, IL-IN-WI MSA",2014,8404358.0,984.0,726.0,485.0
106,"Chicago-Naperville-Elgin, IL-IN-WI MSA",2015,8401315.0,1088.0,882.0,575.0
107,"Chicago-Naperville-Elgin, IL-IN-WI MSA",2016,8364162.0,1609.0,1396.0,701.0
108,"Chicago-Naperville-Elgin, IL-IN-WI MSA",2017,8381361.0,1829.0,1688.0,258.0
109,"Chicago-Naperville-Elgin, IL-IN-WI MSA",2018,8345010.0,1761.0,1609.0,673.0
110,"Chicago-Naperville-Elgin, IL-IN-WI MSA",2019,8300609.0,1884.0,1748.0,670.0
111,"Chicago-Naperville-Elgin, IL-IN-WI MSA",2020,8244982.0,2501.0,2353.0,924.0
112,"Cincinnati, OH-KY-IN MSA",2007,801815.0,118.0,547.0,133.0
113,"Cincinnati, OH-KY-IN MSA",2008,799840.0,133.0,804.0,171.0
114,"Cincinnati, OH-KY-IN MSA",2009,802149.0,91.0,19.0,12.0
115,"Cincinnati, OH-KY-IN MSA",2010,802374.0,132.0,14.0,10.0
116,"Cincinnati, OH-KY-IN MSA",2011,800362.0,185.0,19.0,14.0
117,"Cincinnati, OH-KY-IN MSA",2012,802038.0,186.0,29.0,12.0
118,"Cincinnati, OH-KY-IN MSA",2013,804520.0,246.0,20.0,13.0
119,"Cincinnati, OH-KY-IN MSA",2014,806631.0,264.0,10.0,10.0
120,"Cincinnati, OH-KY-IN MSA",2015,807598.0,363.0,40.0,15.0
121,"Cincinnati, OH-KY-IN MSA",2016,809099.0,342.0,43.0,19.0
122,"Cincinnati, OH-KY-IN MSA",2017,813822.0,468.0,10.0,80.0
123,"Cincinnati, OH-KY-IN MSA",2018,816684.0,386.0,15.0,81.0
124,"Cincinnati, OH-KY-IN MSA",2019,817473.0,382.0,353.0,61.0
125,"Cincinnati, OH-KY-IN MSA",2020,817985.0,388.0,366.0,102.0
126,"Cleveland-Elyria, OH MSA",2007,1301540.0,163.0,56.0,24.0
127,"Cleveland-Elyria, OH MSA",2008,1291479.0,183.0,55.0,29.0
128,"Cleveland-Elyria, OH MSA",2009,1285082.0,146.0,81.0,13.0
129,"Cleveland-Elyria, OH MSA",2010,1280122.0,191.0,76.0,27.0
130,"Cleveland-Elyria, OH MSA",2011,1270294.0,238.0,18.0,121.0
131,"Cleveland-Elyria, OH MSA",2012,1265111.0,252.0,23.0,141.0
132,"Cleveland-Elyria, OH MSA",2013,1263154.0,286.0,40.0,113.0
133,"Cleveland-Elyria, OH MSA",2014,1259828.0,290.0,46.0,15.0
134,"Cleveland-Elyria, OH MSA",2015,1255921.0,306.0,18.0,134.0
135,"Cleveland-Elyria, OH MSA",2016,1249352.0,576.0,14.0,137.0
136,"Cleveland-Elyria, OH MSA",2017,1248514.0,630.0,11.0,168.0
137,"Cleveland-Elyria, OH MSA",2018,1243857.0,478.0,16.0,142.0
138,"Cleveland-Elyria, OH MSA",2019,1235072.0,505.0,476.0,164.0
139,"Cleveland-Elyria, OH MSA",2020,1227883.0,511.0,489.0,197.0
140,"Columbus, OH MSA",2007,1127174.0,216.0,10.0,13.0
141,"Columbus, OH MSA",2008,1141183.0,205.0,19.0,13.0
142,"Columbus, OH MSA",2009,1155408.0,135.0,28.0,12.0
143,"Columbus, OH MSA",2010,1163414.0,242.0,10.0,10.0
144,"Columbus, OH MSA",2011,1178799.0,250.0,26.0,14.0
145,"Columbus, OH MSA",2012,1195537.0,242.0,29.0,18.0
146,"Columbus, OH MSA",2013,1212263.0,228.0,16.0,13.0
147,"Columbus, OH MSA",2014,1231393.0,238.0,34.0,11.0
148,"Columbus, OH MSA",2015,1251722.0,322.0,28.0,122.0
149,"Columbus, OH MSA",2016,1264518.0,356.0,54.0,12.0
150,"Columbus, OH MSA",2017,1291981.0,469.0,11.0,118.0
151,"Columbus, OH MSA",2018,1310300.0,533.0,12.0,123.0
152,"Columbus, OH MSA",2019,1316756.0,595.0,547.0,133.0
153,"Columbus, OH MSA",2020,1324624.0,873.0,804.0,171.0
154,"Dallas-Fort Worth-Arlington, TX MSA",2007,4713378.0,427.0,334.0,206.0
155,"Dallas-Fort Worth-Arlington, TX MSA",2008,4913795.0,378.0,362.0,279.0
156,"Dallas-Fort Worth-Arlington, TX MSA",2009,5012049.0,468.0,364.0,216.0
157,"Dallas-Fort Worth-Arlington, TX MSA",2010,5076441.0,443.0,336.0,284.0
158,"Dallas-Fort Worth-Arlington, TX MSA",2011,5196431.0,519.0,411.0,284.0
159,"Dallas-Fort Worth-Arlington, TX MSA",2012,5288350.0,551.0,418.0,295.0
160,"Dallas-Fort Worth-Arlington, TX MSA",2013,5368068.0,485.0,369.0,275.0
161,"Dallas-Fort Worth-Arlington, TX MSA",2014,5472403.0,641.0,532.0,321.0
162,"Dallas-Fort Worth-Arlington, TX MSA",2015,5576052.0,588.0,461.0,365.0
163,"Dallas-Fort Worth-Arlington, TX MSA",2016,5660882.0,675.0,550.0,447.0
164,"Dallas-Fort Worth-Arlington, TX MSA",2017,5775689.0,637.0,542.0,410.0
165,"Dallas-Fort Worth-Arlington, TX MSA",2018,5727849.0,622.0,513.0,473.0
166,"Dallas-Fort Worth-Arlington, TX MSA",2019,5915639.0,660.0,537.0,508.0
167,"Dallas-Fort Worth-Arlington, TX MSA",2020,5979502.0,917.0,791.0,646.0
168,"Denver-Aurora-Lakewood, CO MSA",2007,2601696.0,461.0,484.0,575.0
169,"Denver-Aurora-Lakewood, CO MSA",2008,2372957.0,447.0,426.0,467.0
170,"Denver-Aurora-Lakewood, CO MSA",2009,2694409.0,480.0,461.0,621.0
171,"Denver-Aurora-Lakewood, CO MSA",2010,2728339.0,389.0,472.0,591.0
172,"Denver-Aurora-Lakewood, CO MSA",2011,2787788.0,483.0,533.0,596.0
173,"Denver-Aurora-Lakewood, CO MSA",2012,2838300.0,461.0,544.0,695.0
174,"Denver-Aurora-Lakewood, CO MSA",2013,2953038.0,493.0,510.0,473.0
175,"Denver-Aurora-Lakewood, CO MSA",2014,2949875.0,501.0,504.0,427.0
176,"Denver-Aurora-Lakewood, CO MSA",2015,3012261.0,462.0,490.0,623.0
177,"Denver-Aurora-Lakewood, CO MSA",2016,3117539.0,509.0,716.0,766.0
178,"Denver-Aurora-Lakewood, CO MSA",2017,3083266.0,531.0,426.0,385.0
179,"Denver-Aurora-Lakewood, CO MSA",2018,3197929.0,556.0,473.0,420.0
180,"Denver-Aurora-Lakewood, CO MSA",2019,3231918.0,569.0,487.0,684.0
181,"Denver-Aurora-Lakewood, CO MSA",2020,3256313.0,859.0,726.0,858.0
182,"Detroit-Warren-Dearborn, MI MSA",2007,3936557.0,734.0,80.0,49.0
183,"Detroit-Warren-Dearborn, MI MSA",2008,3902460.0,786.0,64.0,33.0
184,"Detroit-Warren-Dearborn, MI MSA",2009,3877861.0,878.0,66.0,35.0
185,"Detroit-Warren-Dearborn, MI MSA",2010,3863924.0,825.0,88.0,46.0
186,"Detroit-Warren-Dearborn, MI MSA",2011,3854386.0,796.0,61.0,70.0
187,"Detroit-Warren-Dearborn, MI MSA",2012,3860405.0,786.0,60.0,40.0
188,"Detroit-Warren-Dearborn, MI MSA",2013,3861682.0,903.0,87.0,39.0
189,"Detroit-Warren-Dearborn, MI MSA",2014,3862784.0,1016.0,82.0,74.0
190,"Detroit-Warren-Dearborn, MI MSA",2015,3866479.0,1157.0,249.0,124.0
191,"Detroit-Warren-Dearborn, MI MSA",2016,3861066.0,1370.0,345.0,160.0
192,"Detroit-Warren-Dearborn, MI MSA",2017,3875827.0,1578.0,455.0,219.0
193,"Detroit-Warren-Dearborn, MI MSA",2018,3887853.0,1467.0,427.0,158.0
194,"Detroit-Warren-Dearborn, MI MSA",2019,3880899.0,1300.0,972.0,418.0
195,"Detroit-Warren-Dearborn, MI MSA",2020,3864873.0,1445.0,1091.0,493.0
196,"Fresno, CA MSA",2007,1042000.0,117.0,261.0,151.0
197,"Fresno, CA MSA",2008,1057989.0,109.0,281.0,164.0
198,"Fresno, CA MSA",2009,921478.0,120.0,93.0,116.0
199,"Fresno, CA MSA",2010,1081315.0,131.0,455.0,179.0
200,"Fresno, CA MSA",2011,1095829.0,121.0,129.0,124.0
201,"Fresno, CA MSA",2012,1100113.0,111.0,162.0,131.0
202,"Fresno, CA MSA",2013,1107661.0,120.0,192.0,154.0
203,"Fresno, CA MSA",2014,1120522.0,159.0,268.0,189.0
204,"Fresno, CA MSA",2015,1129859.0,181.0,38.0,43.0
205,"Fresno, CA MSA",2016,1134612.0,172.0,921.0,1304.0
206,"Fresno, CA MSA",2017,1146145.0,156.0,1194.0,1293.0
207,"Fresno, CA MSA",2018,1152072.0,140.0,1965.0,1533.0
208,"Fresno, CA MSA",2019,1156428.0,187.0,147.0,156.0
209,"Fresno, CA MSA",2020,1158679.0,220.0,180.0,183.0
210,"Houston-The Woodlands-Sugar Land, TX MSA",2007,927980.0,93.0,77.0,31.0
211,"Houston-The Woodlands-Sugar Land, TX MSA",2008,972775.0,79.0,25.0,27.0
212,"Houston-The Woodlands-Sugar Land, TX MSA",2009,1014966.0,89.0,79.0,30.0
213,"Houston-The Woodlands-Sugar Land, TX MSA",2010,1041121.0,76.0,54.0,31.0
214,"Houston-The Woodlands-Sugar Land, TX MSA",2011,1078687.0,88.0,62.0,38.0
215,"Houston-The Woodlands-Sugar Land, TX MSA",2012,1112340.0,69.0,49.0,37.0
216,"Houston-The Woodlands-Sugar Land, TX MSA",2013,1151502.0,72.0,56.0,55.0
217,"Houston-The Woodlands-Sugar Land, TX MSA",2014,1204292.0,83.0,62.0,55.0
218,"Houston-The Woodlands-Sugar Land, TX MSA",2015,1253646.0,96.0,71.0,63.0
219,"Houston-The Woodlands-Sugar Land, TX MSA",2016,1297440.0,121.0,96.0,65.0
220,"Houston-The Woodlands-Sugar Land, TX MSA",2017,1335762.0,144.0,129.0,64.0
221,"Houston-The Woodlands-Sugar Land, TX MSA",2018,1378783.0,128.0,102.0,70.0
222,"Houston-The Woodlands-Sugar Land, TX MSA",2019,1419079.0,149.0,121.0,71.0
223,"Houston-The Woodlands-Sugar Land, TX MSA",2020,1466057.0,192.0,170.0,91.0
224,"Indianapolis-Carmel-Anderson, IN MSA",2007,883591.0,131.0,59.0,49.0
225,"Indianapolis-Carmel-Anderson, IN MSA",2008,889504.0,153.0,12.0,17.0
226,"Indianapolis-Carmel-Anderson, IN MSA",2009,898394.0,145.0,152.0,37.0
227,"Indianapolis-Carmel-Anderson, IN MSA",2010,903393.0,163.0,124.0,52.0
228,"Indianapolis-Carmel-Anderson, IN MSA",2011,911296.0,164.0,139.0,61.0
229,"Indianapolis-Carmel-Anderson, IN MSA",2012,918977.0,195.0,160.0,72.0
230,"Indianapolis-Carmel-Anderson, IN MSA",2013,928281.0,212.0,28.0,12.0
231,"Indianapolis-Carmel-Anderson, IN MSA",2014,934243.0,250.0,47.0,27.0
232,"Indianapolis-Carmel-Anderson, IN MSA",2015,939020.0,257.0,46.0,25.0
233,"Indianapolis-Carmel-Anderson, IN MSA",2016,941229.0,326.0,34.0,27.0
234,"Indianapolis-Carmel-Anderson, IN MSA",2017,950082.0,374.0,51.0,24.0
235,"Indianapolis-Carmel-Anderson, IN MSA",2018,954670.0,347.0,49.0,20.0
236,"Indianapolis-Carmel-Anderson, IN MSA",2019,964582.0,386.0,354.0,140.0
237,"Indianapolis-Carmel-Anderson, IN MSA",2020,966183.0,604.0,572.0,189.0
238,"Jacksonville, FL MSA",2007,1105258.0,188.0,405.0,198.0
239,"Jacksonville, FL MSA",2008,1114283.0,160.0,471.0,195.0
240,"Jacksonville, FL MSA",2009,1121567.0,190.0,479.0,245.0
241,"Jacksonville, FL MSA",2010,1128442.0,193.0,524.0,289.0
242,"Jacksonville, FL MSA",2011,1137274.0,193.0,600.0,278.0
243,"Jacksonville, FL MSA",2012,1148576.0,225.0,815.0,330.0
244,"Jacksonville, FL MSA",2013,1157964.0,199.0,251.0,137.0
245,"Jacksonville, FL MSA",2014,1097496.0,182.0,147.0,154.0
246,"Jacksonville, FL MSA",2015,1116977.0,224.0,26.0,166.0
247,"Jacksonville, FL MSA",2016,1215188.0,508.0,461.0,112.0
248,"Jacksonville, FL MSA",2017,1232885.0,538.0,812.0,344.0
249,"Jacksonville, FL MSA",2018,1252085.0,396.0,364.0,190.0
250,"Jacksonville, FL MSA",2019,1265632.0,478.0,443.0,162.0
251,"Jacksonville, FL MSA",2020,1279611.0,658.0,616.0,201.0
252,"Kansas City, MO-KS MSA",2007,523879.0,46.0,20.0,26.0
253,"Kansas City, MO-KS MSA",2008,532175.0,40.0,25.0,25.0
254,"Kansas City, MO-KS MSA",2009,539396.0,41.0,22.0,26.0
255,"Kansas City, MO-KS MSA",2010,544179.0,40.0,22.0,27.0
256,"Kansas City, MO-KS MSA",2011,552991.0,52.0,28.0,26.0
257,"Kansas City, MO-KS MSA",2012,559913.0,47.0,28.0,24.0
258,"Kansas City, MO-KS MSA",2013,566933.0,57.0,35.0,27.0
259,"Kansas City, MO-KS MSA",2014,574272.0,58.0,36.0,44.0
260,"Kansas City, MO-KS MSA",2015,580159.0,46.0,27.0,48.0
261,"Kansas City, MO-KS MSA",2016,584451.0,61.0,41.0,32.0
262,"Kansas City, MO-KS MSA",2017,591178.0,55.0,35.0,40.0
263,"Kansas City, MO-KS MSA",2018,597555.0,62.0,42.0,38.0
264,"Kansas City, MO-KS MSA",2019,602401.0,69.0,49.0,45.0
265,"Kansas City, MO-KS MSA",2020,607220.0,78.0,62.0,71.0
266,"Las Vegas-Henderson-Paradise, NV MSA",2007,1867817.0,387.0,306.0,148.0
267,"Las Vegas-Henderson-Paradise, NV MSA",2008,1912349.0,368.0,289.0,143.0
268,"Las Vegas-Henderson-Paradise, NV MSA",2009,1939407.0,398.0,329.0,185.0
269,"Las Vegas-Henderson-Paradise, NV MSA",2010,1951269.0,390.0,320.0,205.0
270,"Las Vegas-Henderson-Paradise, NV MSA",2011,1969975.0,458.0,379.0,10.0
271,"Las Vegas-Henderson-Paradise, NV MSA",2012,2000759.0,428.0,348.0,202.0
272,"Las Vegas-Henderson-Paradise, NV MSA",2013,2027868.0,445.0,351.0,202.0
273,"Las Vegas-Henderson-Paradise, NV MSA",2014,2069681.0,407.0,331.0,230.0
274,"Las Vegas-Henderson-Paradise, NV MSA",2015,2114801.0,444.0,371.0,10.0
275,"Las Vegas-Henderson-Paradise, NV MSA",2016,2155664.0,481.0,391.0,294.0
276,"Las Vegas-Henderson-Paradise, NV MSA",2017,2204079.0,478.0,378.0,298.0
277,"Las Vegas-Henderson-Paradise, NV MSA",2018,2231647.0,508.0,424.0,353.0
278,"Las Vegas-Henderson-Paradise, NV MSA",2019,2266715.0,476.0,384.0,346.0
279,"Las Vegas-Henderson-Paradise, NV MSA",2020,2315963.0,626.0,556.0,445.0
280,"Los Angeles-Long Beach-Anaheim, CA MSA",2007,13596611.0,1193.0,291.0,256.0
281,"Los Angeles-Long Beach-Anaheim, CA MSA",2008,13667010.0,1156.0,463.0,319.0
282,"Los Angeles-Long Beach-Anaheim, CA MSA",2009,13761715.0,1234.0,306.0,230.0
283,"Los Angeles-Long Beach-Anaheim, CA MSA",2010,13826683.0,1148.0,305.0,224.0
284,"Los Angeles-Long Beach-Anaheim, CA MSA",2011,13953629.0,1168.0,348.0,263.0
285,"Los Angeles-Long Beach-Anaheim, CA MSA",2012,14065850.0,1186.0,472.0,278.0
286,"Los Angeles-Long Beach-Anaheim, CA MSA",2013,14147635.0,1369.0,239.0,270.0
287,"Los Angeles-Long Beach-Anaheim, CA MSA",2014,14287489.0,1292.0,323.0,311.0
288,"Los Angeles-Long Beach-Anaheim, CA MSA",2015,14370795.0,1306.0,140.0,149.0
289,"Los Angeles-Long Beach-Anaheim, CA MSA",2016,14341068.0,1451.0,146.0,187.0
290,"Los Angeles-Long Beach-Anaheim, CA MSA",2017,14390960.0,1539.0,71.0,99.0
291,"Los Angeles-Long Beach-Anaheim, CA MSA",2018,14324280.0,1657.0,1089.0,1389.0
292,"Los Angeles-Long Beach-Anaheim, CA MSA",2019,14242020.0,1918.0,1659.0,1778.0
293,"Los Angeles-Long Beach-Anaheim, CA MSA",2020,14131557.0,3061.0,2766.0,2022.0
294,"Louisville/Jefferson County, KY-IN MSA",2007,723040.0,97.0,74.0,56.0
295,"Louisville/Jefferson County, KY-IN MSA",2008,730194.0,95.0,78.0,40.0
296,"Louisville/Jefferson County, KY-IN MSA",2009,736705.0,86.0,16.0,56.0
297,"Louisville/Jefferson County, KY-IN MSA",2010,741096.0,119.0,91.0,62.0
298,"Louisville/Jefferson County, KY-IN MSA",2011,746906.0,150.0,129.0,64.0
299,"Louisville/Jefferson County, KY-IN MSA",2012,750828.0,186.0,14.0,81.0
300,"Louisville/Jefferson County, KY-IN MSA",2013,756832.0,191.0,11.0,73.0
301,"Louisville/Jefferson County, KY-IN MSA",2014,760026.0,195.0,161.0,108.0
302,"Louisville/Jefferson County, KY-IN MSA",2015,763623.0,222.0,184.0,112.0
303,"Louisville/Jefferson County, KY-IN MSA",2016,765352.0,355.0,304.0,101.0
304,"Louisville/Jefferson County, KY-IN MSA",2017,771158.0,377.0,339.0,83.0
305,"Louisville/Jefferson County, KY-IN MSA",2018,770517.0,298.0,271.0,100.0
306,"Louisville/Jefferson County, KY-IN MSA",2019,766757.0,350.0,301.0,103.0
307,"Louisville/Jefferson County, KY-IN MSA",2020,767452.0,538.0,509.0,147.0
308,"Memphis, TN-MS-AR MSA",2007,921119.0,125.0,13.0,10.0
309,"Memphis, TN-MS-AR MSA",2008,920685.0,111.0,33.0,11.0
310,"Memphis, TN-MS-AR MSA",2009,922541.0,133.0,25.0,35.0
311,"Memphis, TN-MS-AR MSA",2010,927644.0,140.0,41.0,14.0
312,"Memphis, TN-MS-AR MSA",2011,935088.0,102.0,93.0,43.0
313,"Memphis, TN-MS-AR MSA",2012,940764.0,137.0,121.0,57.0
314,"Memphis, TN-MS-AR MSA",2013,939465.0,141.0,25.0,93.0
315,"Memphis, TN-MS-AR MSA",2014,938803.0,152.0,21.0,22.0
316,"Memphis, TN-MS-AR MSA",2015,938069.0,197.0,32.0,15.0
317,"Memphis, TN-MS-AR MSA",2016,934603.0,203.0,45.0,20.0
318,"Memphis, TN-MS-AR MSA",2017,936961.0,211.0,35.0,19.0
319,"Memphis, TN-MS-AR MSA",2018,935764.0,161.0,50.0,19.0
320,"Memphis, TN-MS-AR MSA",2019,937166.0,283.0,254.0,83.0
321,"Memphis, TN-MS-AR MSA",2020,936017.0,461.0,428.0,125.0
322,"Miami-Fort Lauderdale-Pompano Beach, FL MSA",2007,5422987.0,720.0,410.0,300.0
323,"Miami-Fort Lauderdale-Pompano Beach, FL MSA",2008,5454633.0,764.0,90.0,87.0
324,"Miami-Fort Lauderdale-Pompano Beach, FL MSA",2009,5504624.0,756.0,50.0,54.0
325,"Miami-Fort Lauderdale-Pompano Beach, FL MSA",2010,5564635.0,626.0,216.0,106.0
326,"Miami-Fort Lauderdale-Pompano Beach, FL MSA",2011,5670125.0,603.0,237.0,115.0
327,"Miami-Fort Lauderdale-Pompano Beach, FL MSA",2012,5762717.0,581.0,202.0,125.0
328,"Miami-Fort Lauderdale-Pompano Beach, FL MSA",2013,5828191.0,584.0,150.0,186.0
329,"Miami-Fort Lauderdale-Pompano Beach, FL MSA",2014,5929819.0,636.0,176.0,225.0
330,"Miami-Fort Lauderdale-Pompano Beach, FL MSA",2015,6012331.0,820.0,598.0,274.0
331,"Miami-Fort Lauderdale-Pompano Beach, FL MSA",2016,6066387.0,1460.0,674.0,305.0
332,"Miami-Fort Lauderdale-Pompano Beach, FL MSA",2017,6158824.0,1541.0,523.0,230.0
333,"Miami-Fort Lauderdale-Pompano Beach, FL MSA",2018,6198782.0,1145.0,465.0,226.0
334,"Miami-Fort Lauderdale-Pompano Beach, FL MSA",2019,6166488.0,1315.0,937.0,405.0
335,"Miami-Fort Lauderdale-Pompano Beach, FL MSA",2020,6173008.0,1682.0,1571.0,651.0
336,"Milwaukee-Waukesha, WI MSA",2007,931453.0,193.0,12.0,21.0
337,"Milwaukee-Waukesha, WI MSA",2008,934752.0,190.0,165.0,11.0
338,"Milwaukee-Waukesha, WI MSA",2009,942668.0,175.0,12.0,10.0
339,"Milwaukee-Waukesha, WI MSA",2010,947735.0,166.0,14.0,10.0
340,"Milwaukee-Waukesha, WI MSA",2011,952532.0,192.0,10.0,11.0
341,"Milwaukee-Waukesha, WI MSA",2012,955205.0,182.0,18.0,17.0
342,"Milwaukee-Waukesha, WI MSA",2013,956023.0,237.0,10.0,20.0
343,"Milwaukee-Waukesha, WI MSA",2014,956406.0,253.0,13.0,29.0
344,"Milwaukee-Waukesha, WI MSA",2015,957735.0,258.0,240.0,114.0
345,"Milwaukee-Waukesha, WI MSA",2016,951448.0,330.0,314.0,140.0
346,"Milwaukee-Waukesha, WI MSA",2017,952085.0,359.0,335.0,159.0
347,"Milwaukee-Waukesha, WI MSA",2018,948201.0,360.0,328.0,163.0
348,"Milwaukee-Waukesha, WI MSA",2019,945726.0,406.0,384.0,162.0
349,"Milwaukee-Waukesha, WI MSA",2020,945016.0,511.0,476.0,206.0
350,"Minneapolis-St Paul-Bloomington, MN-WI MSA",2007,1626190.0,157.0,123.0,22.0
351,"Minneapolis-St Paul-Bloomington, MN-WI MSA",2008,1638063.0,170.0,116.0,56.0
352,"Minneapolis-St Paul-Bloomington, MN-WI MSA",2009,1653311.0,151.0,112.0,145.0
353,"Minneapolis-St Paul-Bloomington, MN-WI MSA",2010,1661065.0,168.0,114.0,144.0
354,"Minneapolis-St Paul-Bloomington, MN-WI MSA",2011,1683127.0,203.0,143.0,149.0
355,"Minneapolis-St Paul-Bloomington, MN-WI MSA",2012,1704728.0,219.0,116.0,158.0
356,"Minneapolis-St Paul-Bloomington, MN-WI MSA",2013,1725492.0,233.0,163.0,184.0
357,"Minneapolis-St Paul-Bloomington, MN-WI MSA",2014,1744719.0,218.0,158.0,197.0
358,"Minneapolis-St Paul-Bloomington, MN-WI MSA",2015,1761282.0,256.0,191.0,217.0
359,"Minneapolis-St Paul-Bloomington, MN-WI MSA",2016,1773132.0,315.0,247.0,76.0
360,"Minneapolis-St Paul-Bloomington, MN-WI MSA",2017,1799998.0,348.0,278.0,221.0
361,"Minneapolis-St Paul-Bloomington, MN-WI MSA",2018,1809638.0,284.0,231.0,261.0
362,"Minneapolis-St Paul-Bloomington, MN-WI MSA",2019,1816164.0,358.0,288.0,301.0
363,"Minneapolis-St Paul-Bloomington, MN-WI MSA",2020,1816311.0,527.0,448.0,359.0
364,"Nashville-Davidson--Murfreesboro--Franklin, TN MSA",2007,605031.0,93.0,75.0,57.0
365,"Nashville-Davidson--Murfreesboro--Franklin, TN MSA",2008,612649.0,83.0,17.0,57.0
366,"Nashville-Davidson--Murfreesboro--Franklin, TN MSA",2009,621008.0,115.0,15.0,85.0
367,"Nashville-Davidson--Murfreesboro--Franklin, TN MSA",2010,626681.0,106.0,12.0,66.0
368,"Nashville-Davidson--Murfreesboro--Franklin, TN MSA",2011,635475.0,108.0,14.0,69.0
369,"Nashville-Davidson--Murfreesboro--Franklin, TN MSA",2012,648295.0,118.0,10.0,12.0
370,"Nashville-Davidson--Murfreesboro--Franklin, TN MSA",2013,658602.0,133.0,14.0,10.0
371,"Nashville-Davidson--Murfreesboro--Franklin, TN MSA",2014,668347.0,133.0,16.0,69.0
372,"Nashville-Davidson--Murfreesboro--Franklin, TN MSA",2015,678889.0,166.0,14.0,10.0
373,"Nashville-Davidson--Murfreesboro--Franklin, TN MSA",2016,684410.0,231.0,10.0,80.0
374,"Nashville-Davidson--Murfreesboro--Franklin, TN MSA",2017,691243.0,242.0,13.0,11.0
375,"Nashville-Davidson--Murfreesboro--Franklin, TN MSA",2018,692587.0,248.0,11.0,11.0
376,"Nashville-Davidson--Murfreesboro--Franklin, TN MSA",2019,694144.0,342.0,309.0,104.0
377,"Nashville-Davidson--Murfreesboro--Franklin, TN MSA",2020,694176.0,448.0,429.0,152.0
378,"New York-Newark-Jersey City, NY-NJ-PA MSA",2007,16580273.0,1672.0,2224.0,985.0
379,"New York-Newark-Jersey City, NY-NJ-PA MSA",2008,17124847.0,1629.0,2411.0,1184.0
380,"New York-Newark-Jersey City, NY-NJ-PA MSA",2009,16071322.0,1257.0,1726.0,503.0
381,"New York-Newark-Jersey City, NY-NJ-PA MSA",2010,17314031.0,1593.0,2150.0,910.0
382,"New York-Newark-Jersey City, NY-NJ-PA MSA",2011,17554443.0,1905.0,2077.0,919.0
383,"New York-Newark-Jersey City, NY-NJ-PA MSA",2012,17562348.0,2115.0,1282.0,1147.0
384,"New York-Newark-Jersey City, NY-NJ-PA MSA",2013,17670887.0,2170.0,2293.0,945.0
385,"New York-Newark-Jersey City, NY-NJ-PA MSA",2014,17929016.0,2203.0,2426.0,1080.0
386,"New York-Newark-Jersey City, NY-NJ-PA MSA",2015,18011360.0,2520.0,2237.0,1004.0
387,"New York-Newark-Jersey City, NY-NJ-PA MSA",2016,17985010.0,3529.0,2669.0,1033.0
388,"New York-Newark-Jersey City, NY-NJ-PA MSA",2017,18133853.0,3905.0,2268.0,937.0
389,"New York-Newark-Jersey City, NY-NJ-PA MSA",2018,17814760.0,3794.0,2387.0,917.0
390,"New York-Newark-Jersey City, NY-NJ-PA MSA",2019,17733292.0,3765.0,3411.0,1347.0
391,"New York-Newark-Jersey City, NY-NJ-PA MSA",2020,17644603.0,4519.0,4169.0,1538.0
392,"Oklahoma City, OK MSA",2007,1043919.0,189.0,41.0,100.0
393,"Oklahoma City, OK MSA",2008,948274.0,149.0,33.0,24.0
394,"Oklahoma City, OK MSA",2009,1076584.0,179.0,23.0,48.0
395,"Oklahoma City, OK MSA",2010,1089929.0,210.0,46.0,45.0
396,"Oklahoma City, OK MSA",2011,1113144.0,199.0,57.0,33.0
397,"Oklahoma City, OK MSA",2012,1129979.0,251.0,40.0,43.0
398,"Oklahoma City, OK MSA",2013,1150708.0,243.0,194.0,143.0
399,"Oklahoma City, OK MSA",2014,1165705.0,230.0,166.0,162.0
400,"Oklahoma City, OK MSA",2015,1184700.0,213.0,181.0,163.0
401,"Oklahoma City, OK MSA",2016,1198157.0,238.0,201.0,177.0
402,"Oklahoma City, OK MSA",2017,1207525.0,229.0,182.0,195.0
403,"Oklahoma City, OK MSA",2018,1218698.0,209.0,158.0,162.0
404,"Oklahoma City, OK MSA",2019,1229754.0,213.0,156.0,182.0
405,"Oklahoma City, OK MSA",2020,1244299.0,251.0,203.0,243.0
406,"Orlando-Kissimmee-Sanford, FL MSA",2007,1767956.0,202.0,254.0,189.0
407,"Orlando-Kissimmee-Sanford, FL MSA",2008,1793835.0,209.0,423.0,210.0
408,"Orlando-Kissimmee-Sanford, FL MSA",2009,1816406.0,224.0,392.0,270.0
409,"Orlando-Kissimmee-Sanford, FL MSA",2010,1837359.0,260.0,89.0,87.0
410,"Orlando-Kissimmee-Sanford, FL MSA",2011,1870341.0,257.0,388.0,263.0
411,"Orlando-Kissimmee-Sanford, FL MSA",2012,1920488.0,228.0,109.0,86.0
412,"Orlando-Kissimmee-Sanford, FL MSA",2013,1959812.0,216.0,129.0,97.0
413,"Orlando-Kissimmee-Sanford, FL MSA",2014,2005728.0,287.0,190.0,108.0
414,"Orlando-Kissimmee-Sanford, FL MSA",2015,2061263.0,315.0,89.0,144.0
415,"Orlando-Kissimmee-Sanford, FL MSA",2016,2105861.0,369.0,134.0,176.0
416,"Orlando-Kissimmee-Sanford, FL MSA",2017,2163814.0,421.0,357.0,262.0
417,"Orlando-Kissimmee-Sanford, FL MSA",2018,2216467.0,456.0,500.0,341.0
418,"Orlando-Kissimmee-Sanford, FL MSA",2019,2241029.0,443.0,397.0,173.0
419,"Orlando-Kissimmee-Sanford, FL MSA",2020,2263882.0,595.0,557.0,203.0
420,"Philadelphia-Camden-Wilmington, PA-NJ-DE-MD MSA",2007,6871235.0,1105.0,966.0,459.0
421,"Philadelphia-Camden-Wilmington, PA-NJ-DE-MD MSA",2008,6786216.0,1143.0,991.0,426.0
422,"Philadelphia-Camden-Wilmington, PA-NJ-DE-MD MSA",2009,6365934.0,1086.0,1399.0,378.0
423,"Philadelphia-Camden-Wilmington, PA-NJ-DE-MD MSA",2010,6918275.0,1215.0,986.0,392.0
424,"Philadelphia-Camden-Wilmington, PA-NJ-DE-MD MSA",2011,7114183.0,1489.0,2144.0,623.0
425,"Philadelphia-Camden-Wilmington, PA-NJ-DE-MD MSA",2012,7148089.0,1561.0,2205.0,616.0
426,"Philadelphia-Camden-Wilmington, PA-NJ-DE-MD MSA",2013,7171018.0,1558.0,1213.0,410.0
427,"Philadelphia-Camden-Wilmington, PA-NJ-DE-MD MSA",2014,7195071.0,1724.0,1301.0,435.0
428,"Philadelphia-Camden-Wilmington, PA-NJ-DE-MD MSA",2015,7217891.0,1904.0,1438.0,531.0
429,"Philadelphia-Camden-Wilmington, PA-NJ-DE-MD MSA",2016,7218744.0,2550.0,1531.0,626.0
430,"Philadelphia-Camden-Wilmington, PA-NJ-DE-MD MSA",2017,7255520.0,3310.0,1837.0,567.0
431,"Philadelphia-Camden-Wilmington, PA-NJ-DE-MD MSA",2018,7254922.0,3280.0,1891.0,605.0
432,"Philadelphia-Camden-Wilmington, PA-NJ-DE-MD MSA",2019,7263071.0,3302.0,3063.0,598.0
433,"Philadelphia-Camden-Wilmington, PA-NJ-DE-MD MSA",2020,7272924.0,3419.0,3194.0,732.0
434,"Phoenix-Mesa-Chandler, AZ MSA",2007,4018128.0,639.0,596.0,715.0
435,"Phoenix-Mesa-Chandler, AZ MSA",2008,4106372.0,573.0,28.0,107.0
436,"Phoenix-Mesa-Chandler, AZ MSA",2009,4153609.0,645.0,873.0,39.0
437,"Phoenix-Mesa-Chandler, AZ MSA",2010,4192887.0,694.0,999.0,35.0
438,"Phoenix-Mesa-Chandler, AZ MSA",2011,4263236.0,701.0,1130.0,63.0
439,"Phoenix-Mesa-Chandler, AZ MSA",2012,4329534.0,730.0,1546.0,789.0
440,"Phoenix-Mesa-Chandler, AZ MSA",2013,4398762.0,824.0,42.0,116.0
441,"Phoenix-Mesa-Chandler, AZ MSA",2014,4489109.0,770.0,29.0,132.0
442,"Phoenix-Mesa-Chandler, AZ MSA",2015,4574531.0,826.0,596.0,741.0
443,"Phoenix-Mesa-Chandler, AZ MSA",2016,4661537.0,942.0,47.0,127.0
444,"Phoenix-Mesa-Chandler, AZ MSA",2017,4737270.0,1091.0,1122.0,171.0
445,"Phoenix-Mesa-Chandler, AZ MSA",2018,4857962.0,1233.0,1347.0,236.0
446,"Phoenix-Mesa-Chandler, AZ MSA",2019,4948203.0,1375.0,1178.0,68.0
447,"Phoenix-Mesa-Chandler, AZ MSA",2020,5059909.0,1809.0,1614.0,789.0
448,"Pittsburgh, PA MSA",2007,1222482.0,207.0,12.0,56.0
449,"Pittsburgh, PA MSA",2008,1221071.0,224.0,10.0,84.0
450,"Pittsburgh, PA MSA",2009,1222171.0,222.0,195.0,99.0
451,"Pittsburgh, PA MSA",2010,1223348.0,237.0,213.0,86.0
452,"Pittsburgh, PA MSA",2011,1227066.0,249.0,229.0,81.0
453,"Pittsburgh, PA MSA",2012,1229338.0,283.0,258.0,73.0
454,"Pittsburgh, PA MSA",2013,1231527.0,273.0,249.0,96.0
455,"Pittsburgh, PA MSA",2014,1231255.0,319.0,22.0,101.0
456,"Pittsburgh, PA MSA",2015,1230459.0,422.0,15.0,86.0
457,"Pittsburgh, PA MSA",2016,1225365.0,635.0,17.0,94.0
458,"Pittsburgh, PA MSA",2017,1223048.0,765.0,733.0,100.0
459,"Pittsburgh, PA MSA",2018,1218452.0,466.0,22.0,92.0
460,"Pittsburgh, PA MSA",2019,1216045.0,528.0,507.0,107.0
461,"Pittsburgh, PA MSA",2020,1211358.0,632.0,613.0,121.0
462,"Portland-Vancouver-Hillsboro, OR-WA MSA",2007,1615461.0,289.0,107.0,137.0
463,"Portland-Vancouver-Hillsboro, OR-WA MSA",2008,1644086.0,263.0,130.0,151.0
464,"Portland-Vancouver-Hillsboro, OR-WA MSA",2009,1673656.0,256.0,70.0,79.0
465,"Portland-Vancouver-Hillsboro, OR-WA MSA",2010,1690407.0,244.0,53.0,76.0
466,"Portland-Vancouver-Hillsboro, OR-WA MSA",2011,1721859.0,281.0,66.0,81.0
467,"Portland-Vancouver-Hillsboro, OR-WA MSA",2012,1745215.0,282.0,52.0,69.0
468,"Portland-Vancouver-Hillsboro, OR-WA MSA",2013,1764948.0,270.0,90.0,95.0
469,"Portland-Vancouver-Hillsboro, OR-WA MSA",2014,1790718.0,258.0,97.0,105.0
470,"Portland-Vancouver-Hillsboro, OR-WA MSA",2015,1824115.0,271.0,67.0,127.0
471,"Portland-Vancouver-Hillsboro, OR-WA MSA",2016,1849563.0,292.0,97.0,159.0
472,"Portland-Vancouver-Hillsboro, OR-WA MSA",2017,1871155.0,323.0,183.0,238.0
473,"Portland-Vancouver-Hillsboro, OR-WA MSA",2018,1891432.0,318.0,205.0,293.0
474,"Portland-Vancouver-Hillsboro, OR-WA MSA",2019,1902688.0,360.0,276.0,371.0
475,"Portland-Vancouver-Hillsboro, OR-WA MSA",2020,1916016.0,490.0,361.0,424.0
476,"Providence-Warwick, RI-MA MSA",2007,923520.0,131.0,93.0,43.0
477,"Providence-Warwick, RI-MA MSA",2008,1004335.0,185.0,93.0,69.0
478,"Providence-Warwick, RI-MA MSA",2009,920675.0,154.0,116.0,58.0
479,"Providence-Warwick, RI-MA MSA",2010,1002692.0,174.0,117.0,83.0
480,"Providence-Warwick, RI-MA MSA",2011,918807.0,181.0,89.0,64.0
481,"Providence-Warwick, RI-MA MSA",2012,919112.0,188.0,118.0,74.0
482,"Providence-Warwick, RI-MA MSA",2013,1002291.0,243.0,139.0,93.0
483,"Providence-Warwick, RI-MA MSA",2014,923755.0,231.0,152.0,71.0
484,"Providence-Warwick, RI-MA MSA",2015,924791.0,300.0,96.0,73.0
485,"Providence-Warwick, RI-MA MSA",2016,1007359.0,318.0,196.0,99.0
486,"Providence-Warwick, RI-MA MSA",2017,1010727.0,312.0,255.0,144.0
487,"Providence-Warwick, RI-MA MSA",2018,1008666.0,315.0,398.0,187.0
488,"Providence-Warwick, RI-MA MSA",2019,1010882.0,301.0,270.0,137.0
489,"Providence-Warwick, RI-MA MSA",2020,1008775.0,397.0,368.0,196.0
490,"Raleigh-Cary, NC MSA",2007,1201596.0,99.0,120.0,82.0
491,"Raleigh-Cary, NC MSA",2008,1115848.0,100.0,163.0,40.0
492,"Raleigh-Cary, NC MSA",2009,1281349.0,85.0,48.0,36.0
493,"Raleigh-Cary, NC MSA",2010,1168580.0,88.0,31.0,30.0
494,"Raleigh-Cary, NC MSA",2011,1338927.0,104.0,52.0,40.0
495,"Raleigh-Cary, NC MSA",2012,1369733.0,97.0,62.0,48.0
496,"Raleigh-Cary, NC MSA",2013,1402774.0,112.0,132.0,49.0
497,"Raleigh-Cary, NC MSA",2014,1293151.0,114.0,119.0,33.0
498,"Raleigh-Cary, NC MSA",2015,1466504.0,127.0,80.0,56.0
499,"Raleigh-Cary, NC MSA",2016,1494799.0,185.0,97.0,59.0
500,"Raleigh-Cary, NC MSA",2017,1528789.0,217.0,90.0,98.0
501,"Raleigh-Cary, NC MSA",2018,1555071.0,217.0,86.0,120.0
502,"Raleigh-Cary, NC MSA",2019,1581725.0,189.0,156.0,116.0
503,"Raleigh-Cary, NC MSA",2020,1608654.0,303.0,281.0,133.0
504,"Richmond, VA MSA",2007,801245.0,81.0,60.0,42.0
505,"Richmond, VA MSA",2008,812289.0,89.0,58.0,51.0
506,"Richmond, VA MSA",2009,821537.0,76.0,56.0,30.0
507,"Richmond, VA MSA",2010,827385.0,68.0,48.0,32.0
508,"Richmond, VA MSA",2011,836255.0,101.0,63.0,50.0
509,"Richmond, VA MSA",2012,949765.0,87.0,68.0,77.0
510,"Richmond, VA MSA",2013,961800.0,105.0,76.0,25.0
511,"Richmond, VA MSA",2014,974194.0,133.0,91.0,64.0
512,"Richmond, VA MSA",2015,984358.0,146.0,112.0,60.0
513,"Richmond, VA MSA",2016,993072.0,221.0,154.0,77.0
514,"Richmond, VA MSA",2017,1004452.0,251.0,184.0,96.0
515,"Richmond, VA MSA",2018,1013839.0,262.0,200.0,80.0
516,"Richmond, VA MSA",2019,1021822.0,288.0,265.0,83.0
517,"Richmond, VA MSA",2020,1062647.0,400.0,377.0,113.0
518,"Riverside-San Bernardino-Ontario, CA MSA",2007,4067344.0,403.0,407.0,424.0
519,"Riverside-San Bernardino-Ontario, CA MSA",2008,4113447.0,467.0,691.0,457.0
520,"Riverside-San Bernardino-Ontario, CA MSA",2009,4160685.0,475.0,68.0,79.0
521,"Riverside-San Bernardino-Ontario, CA MSA",2010,4224851.0,456.0,81.0,91.0
522,"Riverside-San Bernardino-Ontario, CA MSA",2011,4304997.0,455.0,379.0,30.0
523,"Riverside-San Bernardino-Ontario, CA MSA",2012,4350096.0,506.0,415.0,389.0
524,"Riverside-San Bernardino-Ontario, CA MSA",2013,4380878.0,559.0,762.0,731.0
525,"Riverside-San Bernardino-Ontario, CA MSA",2014,4441890.0,588.0,1255.0,807.0
526,"Riverside-San Bernardino-Ontario, CA MSA",2015,4489159.0,586.0,345.0,301.0
527,"Riverside-San Bernardino-Ontario, CA MSA",2016,4527837.0,598.0,328.0,317.0
528,"Riverside-San Bernardino-Ontario, CA MSA",2017,4580670.0,711.0,527.0,336.0
529,"Riverside-San Bernardino-Ontario, CA MSA",2018,4622361.0,785.0,639.0,362.0
530,"Riverside-San Bernardino-Ontario, CA MSA",2019,4650631.0,778.0,640.0,714.0
531,"Riverside-San Bernardino-Ontario, CA MSA",2020,4678371.0,1298.0,1141.0,884.0
532,"Sacramento-Roseville-Folsom, CA MSA",2007,1381161.0,219.0,14.0,14.0
533,"Sacramento-Roseville-Folsom, CA MSA",2008,1394438.0,268.0,18.0,24.0
534,"Sacramento-Roseville-Folsom, CA MSA",2009,1408601.0,252.0,15.0,20.0
535,"Sacramento-Roseville-Folsom, CA MSA",2010,1418788.0,228.0,34.0,37.0
536,"Sacramento-Roseville-Folsom, CA MSA",2011,1436105.0,232.0,346.0,368.0
537,"Sacramento-Roseville-Folsom, CA MSA",2012,1450121.0,228.0,599.0,389.0
538,"Sacramento-Roseville-Folsom, CA MSA",2013,1462131.0,259.0,54.0,65.0
539,"Sacramento-Roseville-Folsom, CA MSA",2014,1482026.0,268.0,63.0,67.0
540,"Sacramento-Roseville-Folsom, CA MSA",2015,1501335.0,298.0,364.0,10.0
541,"Sacramento-Roseville-Folsom, CA MSA",2016,1514460.0,252.0,381.0,352.0
542,"Sacramento-Roseville-Folsom, CA MSA",2017,1530615.0,258.0,416.0,363.0
543,"Sacramento-Roseville-Folsom, CA MSA",2018,1540975.0,289.0,656.0,418.0
544,"Sacramento-Roseville-Folsom, CA MSA",2019,1552058.0,367.0,291.0,236.0
545,"Sacramento-Roseville-Folsom, CA MSA",2020,1559146.0,323.0,265.0,250.0
546,"Salt Lake City, UT MSA",2007,1453293.0,313.0,76.0,61.0
547,"Salt Lake City, UT MSA",2008,1487168.0,275.0,106.0,86.0
548,"Salt Lake City, UT MSA",2009,1521596.0,309.0,109.0,88.0
549,"Salt Lake City, UT MSA",2010,1546219.0,257.0,106.0,94.0
550,"Salt Lake City, UT MSA",2011,1579484.0,315.0,161.0,92.0
551,"Salt Lake City, UT MSA",2012,1604346.0,351.0,192.0,117.0
552,"Salt Lake City, UT MSA",2013,1631612.0,354.0,171.0,103.0
553,"Salt Lake City, UT MSA",2014,1652716.0,363.0,194.0,118.0
554,"Salt Lake City, UT MSA",2015,1682519.0,394.0,191.0,139.0
555,"Salt Lake City, UT MSA",2016,1713653.0,399.0,204.0,159.0
556,"Salt Lake City, UT MSA",2017,1742074.0,407.0,277.0,146.0
557,"Salt Lake City, UT MSA",2018,1774846.0,385.0,302.0,160.0
558,"Salt Lake City, UT MSA",2019,1796672.0,358.0,275.0,157.0
559,"Salt Lake City, UT MSA",2020,1816576.0,372.0,290.0,224.0
560,"San Antonio-New Braunfels, TX MSA",2007,1615210.0,127.0,11.0,12.0
561,"San Antonio-New Braunfels, TX MSA",2008,1651709.0,165.0,22.0,11.0
562,"San Antonio-New Braunfels, TX MSA",2009,1685628.0,205.0,20.0,23.0
563,"San Antonio-New Braunfels, TX MSA",2010,1714773.0,199.0,26.0,14.0
564,"San Antonio-New Braunfels, TX MSA",2011,1756153.0,267.0,19.0,16.0
565,"San Antonio-New Braunfels, TX MSA",2012,1785704.0,206.0,15.0,14.0
566,"San Antonio-New Braunfels, TX MSA",2013,1817610.0,188.0,23.0,16.0
567,"San Antonio-New Braunfels, TX MSA",2014,1855866.0,198.0,17.0,15.0
568,"San Antonio-New Braunfels, TX MSA",2015,1897753.0,205.0,28.0,21.0
569,"San Antonio-New Braunfels, TX MSA",2016,1928680.0,230.0,39.0,35.0
570,"San Antonio-New Braunfels, TX MSA",2017,1958578.0,220.0,24.0,28.0
571,"San Antonio-New Braunfels, TX MSA",2018,1986049.0,237.0,37.0,59.0
572,"San Antonio-New Braunfels, TX MSA",2019,2003554.0,283.0,240.0,239.0
573,"San Antonio-New Braunfels, TX MSA",2020,2026823.0,301.0,269.0,263.0
574,"San Diego-Chula Vista-Carlsbad, CA MSA",2007,2975742.0,376.0,54.0,65.0
575,"San Diego-Chula Vista-Carlsbad, CA MSA",2008,3022116.0,378.0,63.0,67.0
576,"San Diego-Chula Vista-Carlsbad, CA MSA",2009,3061203.0,377.0,364.0,10.0
577,"San Diego-Chula Vista-Carlsbad, CA MSA",2010,3095313.0,383.0,381.0,352.0
578,"San Diego-Chula Vista-Carlsbad, CA MSA",2011,3140069.0,428.0,416.0,363.0
579,"San Diego-Chula Vista-Carlsbad, CA MSA",2012,3177063.0,434.0,656.0,418.0
580,"San Diego-Chula Vista-Carlsbad, CA MSA",2013,3211252.0,452.0,291.0,236.0
581,"San Diego-Chula Vista-Carlsbad, CA MSA",2014,3263431.0,441.0,265.0,250.0
582,"San Diego-Chula Vista-Carlsbad, CA MSA",2015,3299521.0,450.0,163.0,326.0
583,"San Diego-Chula Vista-Carlsbad, CA MSA",2016,3317749.0,462.0,258.0,10.0
584,"San Diego-Chula Vista-Carlsbad, CA MSA",2017,3337685.0,507.0,224.0,351.0
585,"San Diego-Chula Vista-Carlsbad, CA MSA",2018,3343364.0,521.0,485.0,466.0
586,"San Diego-Chula Vista-Carlsbad, CA MSA",2019,3338330.0,545.0,442.0,460.0
587,"San Diego-Chula Vista-Carlsbad, CA MSA",2020,3332427.0,809.0,708.0,520.0
588,"San Francisco-Oakland-Berkeley, CA MSA",2007,2613219.0,465.0,799.0,328.0
589,"San Francisco-Oakland-Berkeley, CA MSA",2008,2650851.0,404.0,894.0,665.0
590,"San Francisco-Oakland-Berkeley, CA MSA",2009,2686603.0,389.0,596.0,513.0
591,"San Francisco-Oakland-Berkeley, CA MSA",2010,2704399.0,368.0,821.0,595.0
592,"San Francisco-Oakland-Berkeley, CA MSA",2011,2735820.0,424.0,516.0,441.0
593,"San Francisco-Oakland-Berkeley, CA MSA",2012,2775697.0,339.0,476.0,459.0
594,"San Francisco-Oakland-Berkeley, CA MSA",2013,2815024.0,370.0,362.0,564.0
595,"San Francisco-Oakland-Berkeley, CA MSA",2014,2865807.0,370.0,1332.0,1526.0
596,"San Francisco-Oakland-Berkeley, CA MSA",2015,2906708.0,451.0,1605.0,1801.0
597,"San Francisco-Oakland-Berkeley, CA MSA",2016,2921408.0,422.0,2596.0,2186.0
598,"San Francisco-Oakland-Berkeley, CA MSA",2017,2949481.0,385.0,648.0,709.0
599,"San Francisco-Oakland-Berkeley, CA MSA",2018,2949141.0,497.0,989.0,762.0
600,"San Francisco-Oakland-Berkeley, CA MSA",2019,2949448.0,748.0,659.0,289.0
601,"San Francisco-Oakland-Berkeley, CA MSA",2020,2922226.0,983.0,919.0,357.0
602,"San Jose-Sunnyvale-Santa Clara, CA MSA",2007,1712026.0,156.0,442.0,460.0
603,"San Jose-Sunnyvale-Santa Clara, CA MSA",2008,1740964.0,122.0,708.0,520.0
604,"San Jose-Sunnyvale-Santa Clara, CA MSA",2009,1765137.0,117.0,380.0,79.0
605,"San Jose-Sunnyvale-Santa Clara, CA MSA",2010,1781642.0,138.0,536.0,109.0
606,"San Jose-Sunnyvale-Santa Clara, CA MSA",2011,1809378.0,149.0,119.0,96.0
607,"San Jose-Sunnyvale-Santa Clara, CA MSA",2012,1837504.0,156.0,151.0,125.0
608,"San Jose-Sunnyvale-Santa Clara, CA MSA",2013,1862041.0,158.0,47.0,51.0
609,"San Jose-Sunnyvale-Santa Clara, CA MSA",2014,1894605.0,144.0,78.0,67.0
610,"San Jose-Sunnyvale-Santa Clara, CA MSA",2015,1918044.0,146.0,92.0,66.0
611,"San Jose-Sunnyvale-Santa Clara, CA MSA",2016,1919402.0,162.0,112.0,59.0
612,"San Jose-Sunnyvale-Santa Clara, CA MSA",2017,1938153.0,173.0,74.0,91.0
613,"San Jose-Sunnyvale-Santa Clara, CA MSA",2018,1937570.0,178.0,83.0,86.0
614,"San Jose-Sunnyvale-Santa Clara, CA MSA",2019,1927852.0,224.0,183.0,187.0
615,"San Jose-Sunnyvale-Santa Clara, CA MSA",2020,1907105.0,308.0,271.0,211.0
616,"Seattle-Tacoma-Bellevue, WA MSA",2007,3304467.0,509.0,131.0,167.0
617,"Seattle-Tacoma-Bellevue, WA MSA",2008,3355042.0,514.0,154.0,138.0
618,"Seattle-Tacoma-Bellevue, WA MSA",2009,3414797.0,512.0,247.0,176.0
619,"Seattle-Tacoma-Bellevue, WA MSA",2010,3439809.0,493.0,226.0,209.0
620,"Seattle-Tacoma-Bellevue, WA MSA",2011,3500026.0,569.0,151.0,197.0
621,"Seattle-Tacoma-Bellevue, WA MSA",2012,3552157.0,526.0,260.0,207.0
622,"Seattle-Tacoma-Bellevue, WA MSA",2013,3610105.0,556.0,126.0,87.0
623,"Seattle-Tacoma-Bellevue, WA MSA",2014,3671478.0,588.0,49.0,68.0
624,"Seattle-Tacoma-Bellevue, WA MSA",2015,3733580.0,607.0,364.0,177.0
625,"Seattle-Tacoma-Bellevue, WA MSA",2016,3798902.0,621.0,164.0,168.0
626,"Seattle-Tacoma-Bellevue, WA MSA",2017,3867046.0,684.0,547.0,519.0
627,"Seattle-Tacoma-Bellevue, WA MSA",2018,3939363.0,751.0,290.0,290.0
628,"Seattle-Tacoma-Bellevue, WA MSA",2019,3979845.0,808.0,655.0,598.0
629,"Seattle-Tacoma-Bellevue, WA MSA",2020,4018598.0,1024.0,892.0,693.0
630,"St. Louis, MO-IL MSA",2007,1317348.0,150.0,93.0,58.0
631,"St. Louis, MO-IL MSA",2008,1316286.0,168.0,104.0,55.0
632,"St. Louis, MO-IL MSA",2009,1317460.0,199.0,109.0,63.0
633,"St. Louis, MO-IL MSA",2010,1318248.0,229.0,131.0,65.0
634,"St. Louis, MO-IL MSA",2011,1316761.0,255.0,168.0,61.0
635,"St. Louis, MO-IL MSA",2012,1318610.0,222.0,176.0,72.0
636,"St. Louis, MO-IL MSA",2013,1319860.0,275.0,176.0,86.0
637,"St. Louis, MO-IL MSA",2014,1319295.0,312.0,209.0,85.0
638,"St. Louis, MO-IL MSA",2015,1319047.0,276.0,109.0,127.0
639,"St. Louis, MO-IL MSA",2016,1309985.0,471.0,214.0,118.0
640,"St. Louis, MO-IL MSA",2017,1305352.0,511.0,232.0,121.0
641,"St. Louis, MO-IL MSA",2018,1299783.0,589.0,241.0,124.0
642,"St. Louis, MO-IL MSA",2019,1294781.0,591.0,543.0,127.0
643,"St. Louis, MO-IL MSA",2020,1291665.0,711.0,676.0,169.0
644,"Tampa-St Petersburg-Clearwater, FL MSA",2007,2103310.0,505.0,82.0,55.0
645,"Tampa-St Petersburg-Clearwater, FL MSA",2008,2113231.0,527.0,92.0,62.0
646,"Tampa-St Petersburg-Clearwater, FL MSA",2009,2129380.0,544.0,48.0,120.0
647,"Tampa-St Petersburg-Clearwater, FL MSA",2010,2145768.0,564.0,37.0,132.0
648,"Tampa-St Petersburg-Clearwater, FL MSA",2011,2185173.0,503.0,285.0,113.0
649,"Tampa-St Petersburg-Clearwater, FL MSA",2012,2199065.0,434.0,350.0,121.0
650,"Tampa-St Petersburg-Clearwater, FL MSA",2013,2220626.0,366.0,97.0,50.0
651,"Tampa-St Petersburg-Clearwater, FL MSA",2014,2254396.0,370.0,127.0,77.0
652,"Tampa-St Petersburg-Clearwater, FL MSA",2015,2298877.0,388.0,461.0,207.0
653,"Tampa-St Petersburg-Clearwater, FL MSA",2016,2336968.0,523.0,612.0,243.0
654,"Tampa-St Petersburg-Clearwater, FL MSA",2017,2379203.0,521.0,201.0,95.0
655,"Tampa-St Petersburg-Clearwater, FL MSA",2018,2412168.0,598.0,318.0,123.0
656,"Tampa-St Petersburg-Clearwater, FL MSA",2019,2446964.0,717.0,625.0,297.0
657,"Tampa-St Petersburg-Clearwater, FL MSA",2020,2474759.0,1022.0,934.0,426.0
658,"Virginia Beach-Norfolk-Newport News, VA-NC MSA",2007,1075958.0,125.0,59.0,39.0
659,"Virginia Beach-Norfolk-Newport News, VA-NC MSA",2008,1074277.0,82.0,84.0,56.0
660,"Virginia Beach-Norfolk-Newport News, VA-NC MSA",2009,1077905.0,102.0,89.0,51.0
661,"Virginia Beach-Norfolk-Newport News, VA-NC MSA",2010,1221161.0,85.0,120.0,58.0
662,"Virginia Beach-Norfolk-Newport News, VA-NC MSA",2011,1226397.0,116.0,64.0,66.0
663,"Virginia Beach-Norfolk-Newport News, VA-NC MSA",2012,1238782.0,114.0,60.0,82.0
664,"Virginia Beach-Norfolk-Newport News, VA-NC MSA",2013,1243908.0,171.0,139.0,61.0
665,"Virginia Beach-Norfolk-Newport News, VA-NC MSA",2014,1336429.0,166.0,111.0,80.0
666,"Virginia Beach-Norfolk-Newport News, VA-NC MSA",2015,1341567.0,211.0,166.0,114.0
667,"Virginia Beach-Norfolk-Newport News, VA-NC MSA",2016,1252892.0,298.0,253.0,108.0
668,"Virginia Beach-Norfolk-Newport News, VA-NC MSA",2017,1339829.0,261.0,229.0,134.0
669,"Virginia Beach-Norfolk-Newport News, VA-NC MSA",2018,1445822.0,275.0,243.0,125.0
670,"Virginia Beach-Norfolk-Newport News, VA-NC MSA",2019,1411674.0,272.0,239.0,165.0
671,"Virginia Beach-Norfolk-Newport News, VA-NC MSA",2020,1418683.0,439.0,379.0,181.0
672,"Washington-Arlington-Alexandria, DC-VA-MD-WV MSA",2007,2440610.0,198.0,49.0,129.0
673,"Washington-Arlington-Alexandria, DC-VA-MD-WV MSA",2008,2328444.0,175.0,64.0,129.0
674,"Washington-Arlington-Alexandria, DC-VA-MD-WV MSA",2009,2487555.0,157.0,73.0,116.0
675,"Washington-Arlington-Alexandria, DC-VA-MD-WV MSA",2010,2397762.0,158.0,102.0,134.0
676,"Washington-Arlington-Alexandria, DC-VA-MD-WV MSA",2011,2823404.0,214.0,134.0,157.0
677,"Washington-Arlington-Alexandria, DC-VA-MD-WV MSA",2012,2885451.0,226.0,108.0,153.0
678,"Washington-Arlington-Alexandria, DC-VA-MD-WV MSA",2013,2939430.0,251.0,149.0,150.0
679,"Washington-Arlington-Alexandria, DC-VA-MD-WV MSA",2014,2983058.0,277.0,192.0,139.0
680,"Washington-Arlington-Alexandria, DC-VA-MD-WV MSA",2015,3024487.0,302.0,245.0,175.0
681,"Washington-Arlington-Alexandria, DC-VA-MD-WV MSA",2016,3046837.0,527.0,452.0,182.0
682,"Washington-Arlington-Alexandria, DC-VA-MD-WV MSA",2017,3098508.0,577.0,505.0,185.0
683,"Washington-Arlington-Alexandria, DC-VA-MD-WV MSA",2018,2965632.0,471.0,397.0,185.0
684,"Washington-Arlington-Alexandria, DC-VA-MD-WV MSA",2019,3174509.0,569.0,497.0,198.0
685,"Washington-Arlington-Alexandria, DC-VA-MD-WV MSA",2020,3201694.0,776.0,694.0,244.0
