MSA,Year,nSNAP
"Atlanta-Sandy Springs-Alpharetta, GA MSA",2007,2305827
"Atlanta-Sandy Springs-Alpharetta, GA MSA",2008,2715951
"Atlanta-Sandy Springs-Alpharetta, GA MSA",2009,3377151
"Atlanta-Sandy Springs-Alpharetta, GA MSA",2010,3855078
"Atlanta-Sandy Springs-Alpharetta, GA MSA",2011,4221267
"Atlanta-Sandy Springs-Alpharetta, GA MSA",2012,4376325
"Atlanta-Sandy Springs-Alpharetta, GA MSA",2013,4002078
"Atlanta-Sandy Springs-Alpharetta, GA MSA",2014,4160640
"Atlanta-Sandy Springs-Alpharetta, GA MSA",2015,4003773
"Atlanta-Sandy Springs-Alpharetta, GA MSA",2016,3778881
"Atlanta-Sandy Springs-Alpharetta, GA MSA",2017,3885789
"Atlanta-Sandy Springs-Alpharetta, GA MSA",2018,3357342
"Atlanta-Sandy Springs-Alpharetta, GA MSA",2019,3370614
"Atlanta-Sandy Springs-Alpharetta, GA MSA",2020,4027725
"Austin-Round Rock-Georgetown, TX MSA",2007,1139895
"Austin-Round Rock-Georgetown, TX MSA",2008,1426890
"Austin-Round Rock-Georgetown, TX MSA",2009,1786965
"Austin-Round Rock-Georgetown, TX MSA",2010,2035020
"Austin-Round Rock-Georgetown, TX MSA",2011,2081760
"Austin-Round Rock-Georgetown, TX MSA",2012,2002980
"Austin-Round Rock-Georgetown, TX MSA",2013,1865100
"Austin-Round Rock-Georgetown, TX MSA",2014,1734525
"Austin-Round Rock-Georgetown, TX MSA",2015,1647825
"Austin-Round Rock-Georgetown, TX MSA",2016,1576545
"Austin-Round Rock-Georgetown, TX MSA",2017,1521960
"Austin-Round Rock-Georgetown, TX MSA",2018,1386375
"Austin-Round Rock-Georgetown, TX MSA",2019,1363215
"Austin-Round Rock-Georgetown, TX MSA",2020,1395255
"Baltimore-Columbia-Towson, MD MSA",2007,2382915
"Baltimore-Columbia-Towson, MD MSA",2008,2918745
"Baltimore-Columbia-Towson, MD MSA",2009,3648015
"Baltimore-Columbia-Towson, MD MSA",2010,4291110
"Baltimore-Columbia-Towson, MD MSA",2011,4577040
"Baltimore-Columbia-Towson, MD MSA",2012,4775580
"Baltimore-Columbia-Towson, MD MSA",2013,4891545
"Baltimore-Columbia-Towson, MD MSA",2014,4758090
"Baltimore-Columbia-Towson, MD MSA",2015,4558050
"Baltimore-Columbia-Towson, MD MSA",2016,4182075
"Baltimore-Columbia-Towson, MD MSA",2017,3904755
"Baltimore-Columbia-Towson, MD MSA",2018,3728295
"Baltimore-Columbia-Towson, MD MSA",2019,3809970
"Baltimore-Columbia-Towson, MD MSA",2020,4942155
"Birmingham-Hoover, AL MSA",2007,1308285
"Birmingham-Hoover, AL MSA",2008,1504815
"Birmingham-Hoover, AL MSA",2009,1864620
"Birmingham-Hoover, AL MSA",2010,2094750
"Birmingham-Hoover, AL MSA",2011,2228835
"Birmingham-Hoover, AL MSA",2012,2295330
"Birmingham-Hoover, AL MSA",2013,2293515
"Birmingham-Hoover, AL MSA",2014,2276250
"Birmingham-Hoover, AL MSA",2015,2172735
"Birmingham-Hoover, AL MSA",2016,2049390
"Birmingham-Hoover, AL MSA",2017,1967370
"Birmingham-Hoover, AL MSA",2018,1866285
"Birmingham-Hoover, AL MSA",2019,1848120
"Birmingham-Hoover, AL MSA",2020,1980705
"Boston-Cambridge-Newton, MA-NH MSA",2007,1407420
"Boston-Cambridge-Newton, MA-NH MSA",2008,1665015
"Boston-Cambridge-Newton, MA-NH MSA",2009,1992015
"Boston-Cambridge-Newton, MA-NH MSA",2010,2166795
"Boston-Cambridge-Newton, MA-NH MSA",2011,2284470
"Boston-Cambridge-Newton, MA-NH MSA",2012,2351835
"Boston-Cambridge-Newton, MA-NH MSA",2013,2317035
"Boston-Cambridge-Newton, MA-NH MSA",2014,2107785
"Boston-Cambridge-Newton, MA-NH MSA",2015,2157840
"Boston-Cambridge-Newton, MA-NH MSA",2016,2021160
"Boston-Cambridge-Newton, MA-NH MSA",2017,1993110
"Boston-Cambridge-Newton, MA-NH MSA",2018,1934505
"Boston-Cambridge-Newton, MA-NH MSA",2019,2025825
"Boston-Cambridge-Newton, MA-NH MSA",2020,2309835
"Buffalo-Cheektowaga, NY MSA",2007,1988580
"Buffalo-Cheektowaga, NY MSA",2008,2219205
"Buffalo-Cheektowaga, NY MSA",2009,2543685
"Buffalo-Cheektowaga, NY MSA",2010,2763015
"Buffalo-Cheektowaga, NY MSA",2011,2841675
"Buffalo-Cheektowaga, NY MSA",2012,2978070
"Buffalo-Cheektowaga, NY MSA",2013,3028275
"Buffalo-Cheektowaga, NY MSA",2014,3096045
"Buffalo-Cheektowaga, NY MSA",2015,3044805
"Buffalo-Cheektowaga, NY MSA",2016,2937600
"Buffalo-Cheektowaga, NY MSA",2017,2867040
"Buffalo-Cheektowaga, NY MSA",2018,2762250
"Buffalo-Cheektowaga, NY MSA",2019,2712990
"Buffalo-Cheektowaga, NY MSA",2020,2761020
"Charlotte-Concord-Gastonia, NC-SC MSA",2007,1937745
"Charlotte-Concord-Gastonia, NC-SC MSA",2008,2243040
"Charlotte-Concord-Gastonia, NC-SC MSA",2009,2862945
"Charlotte-Concord-Gastonia, NC-SC MSA",2010,3342015
"Charlotte-Concord-Gastonia, NC-SC MSA",2011,3595170
"Charlotte-Concord-Gastonia, NC-SC MSA",2012,3625620
"Charlotte-Concord-Gastonia, NC-SC MSA",2013,3483495
"Charlotte-Concord-Gastonia, NC-SC MSA",2014,3599490
"Charlotte-Concord-Gastonia, NC-SC MSA",2015,3475140
"Charlotte-Concord-Gastonia, NC-SC MSA",2016,3027345
"Charlotte-Concord-Gastonia, NC-SC MSA",2017,2957100
"Charlotte-Concord-Gastonia, NC-SC MSA",2018,2650635
"Charlotte-Concord-Gastonia, NC-SC MSA",2019,2577180
"Charlotte-Concord-Gastonia, NC-SC MSA",2020,3131325
"Chicago-Naperville-Elgin, IL-IN-WI MSA",2007,12150930
"Chicago-Naperville-Elgin, IL-IN-WI MSA",2008,13419300
"Chicago-Naperville-Elgin, IL-IN-WI MSA",2009,15439380
"Chicago-Naperville-Elgin, IL-IN-WI MSA",2010,17068170
"Chicago-Naperville-Elgin, IL-IN-WI MSA",2011,17881170
"Chicago-Naperville-Elgin, IL-IN-WI MSA",2012,19695780
"Chicago-Naperville-Elgin, IL-IN-WI MSA",2013,19692750
"Chicago-Naperville-Elgin, IL-IN-WI MSA",2014,19892460
"Chicago-Naperville-Elgin, IL-IN-WI MSA",2015,18768735
"Chicago-Naperville-Elgin, IL-IN-WI MSA",2016,18159090
"Chicago-Naperville-Elgin, IL-IN-WI MSA",2017,17539950
"Chicago-Naperville-Elgin, IL-IN-WI MSA",2018,16617720
"Chicago-Naperville-Elgin, IL-IN-WI MSA",2019,16936860
"Chicago-Naperville-Elgin, IL-IN-WI MSA",2020,18504840
"Cincinnati, OH-KY-IN MSA",2007,1155075
"Cincinnati, OH-KY-IN MSA",2008,1296135
"Cincinnati, OH-KY-IN MSA",2009,1609350
"Cincinnati, OH-KY-IN MSA",2010,1953825
"Cincinnati, OH-KY-IN MSA",2011,1943205
"Cincinnati, OH-KY-IN MSA",2012,1991610
"Cincinnati, OH-KY-IN MSA",2013,1981410
"Cincinnati, OH-KY-IN MSA",2014,1870110
"Cincinnati, OH-KY-IN MSA",2015,1857990
"Cincinnati, OH-KY-IN MSA",2016,1741485
"Cincinnati, OH-KY-IN MSA",2017,1615725
"Cincinnati, OH-KY-IN MSA",2018,1494030
"Cincinnati, OH-KY-IN MSA",2019,1464540
"Cincinnati, OH-KY-IN MSA",2020,1754565
"Cleveland-Elyria, OH MSA",2007,2795220
"Cleveland-Elyria, OH MSA",2008,3054615
"Cleveland-Elyria, OH MSA",2009,3505980
"Cleveland-Elyria, OH MSA",2010,3872865
"Cleveland-Elyria, OH MSA",2011,4043505
"Cleveland-Elyria, OH MSA",2012,3996780
"Cleveland-Elyria, OH MSA",2013,3997155
"Cleveland-Elyria, OH MSA",2014,3862560
"Cleveland-Elyria, OH MSA",2015,3788625
"Cleveland-Elyria, OH MSA",2016,3649050
"Cleveland-Elyria, OH MSA",2017,3210720
"Cleveland-Elyria, OH MSA",2018,3385425
"Cleveland-Elyria, OH MSA",2019,3119400
"Cleveland-Elyria, OH MSA",2020,3242370
"Columbus, OH MSA",2007,1963590
"Columbus, OH MSA",2008,2277090
"Columbus, OH MSA",2009,2654790
"Columbus, OH MSA",2010,2954160
"Columbus, OH MSA",2011,3051060
"Columbus, OH MSA",2012,3330105
"Columbus, OH MSA",2013,3169755
"Columbus, OH MSA",2014,3031860
"Columbus, OH MSA",2015,2911335
"Columbus, OH MSA",2016,2738955
"Columbus, OH MSA",2017,2509410
"Columbus, OH MSA",2018,2337885
"Columbus, OH MSA",2019,2322810
"Columbus, OH MSA",2020,2567835
"Dallas-Fort Worth-Arlington, TX MSA",2007,5374020
"Dallas-Fort Worth-Arlington, TX MSA",2008,6575910
"Dallas-Fort Worth-Arlington, TX MSA",2009,7928910
"Dallas-Fort Worth-Arlington, TX MSA",2010,9938475
"Dallas-Fort Worth-Arlington, TX MSA",2011,10806750
"Dallas-Fort Worth-Arlington, TX MSA",2012,11108400
"Dallas-Fort Worth-Arlington, TX MSA",2013,10761930
"Dallas-Fort Worth-Arlington, TX MSA",2014,10364550
"Dallas-Fort Worth-Arlington, TX MSA",2015,10261950
"Dallas-Fort Worth-Arlington, TX MSA",2016,9999900
"Dallas-Fort Worth-Arlington, TX MSA",2017,9695670
"Dallas-Fort Worth-Arlington, TX MSA",2018,8930910
"Dallas-Fort Worth-Arlington, TX MSA",2019,8868120
"Dallas-Fort Worth-Arlington, TX MSA",2020,9167235
"Denver-Aurora-Lakewood, CO MSA",2007,1781355
"Denver-Aurora-Lakewood, CO MSA",2008,2135520
"Denver-Aurora-Lakewood, CO MSA",2009,2853240
"Denver-Aurora-Lakewood, CO MSA",2010,3323220
"Denver-Aurora-Lakewood, CO MSA",2011,3702975
"Denver-Aurora-Lakewood, CO MSA",2012,3867615
"Denver-Aurora-Lakewood, CO MSA",2013,3859755
"Denver-Aurora-Lakewood, CO MSA",2014,3786510
"Denver-Aurora-Lakewood, CO MSA",2015,3554520
"Denver-Aurora-Lakewood, CO MSA",2016,3390015
"Denver-Aurora-Lakewood, CO MSA",2017,3214425
"Denver-Aurora-Lakewood, CO MSA",2018,3245970
"Denver-Aurora-Lakewood, CO MSA",2019,3290955
"Denver-Aurora-Lakewood, CO MSA",2020,3626370
"Detroit-Warren-Dearborn, MI MSA",2007,7645155
"Detroit-Warren-Dearborn, MI MSA",2008,8398965
"Detroit-Warren-Dearborn, MI MSA",2009,10223790
"Detroit-Warren-Dearborn, MI MSA",2010,11908890
"Detroit-Warren-Dearborn, MI MSA",2011,11785140
"Detroit-Warren-Dearborn, MI MSA",2012,11634330
"Detroit-Warren-Dearborn, MI MSA",2013,11178825
"Detroit-Warren-Dearborn, MI MSA",2014,10699095
"Detroit-Warren-Dearborn, MI MSA",2015,10185870
"Detroit-Warren-Dearborn, MI MSA",2016,9639795
"Detroit-Warren-Dearborn, MI MSA",2017,9060000
"Detroit-Warren-Dearborn, MI MSA",2018,8400270
"Detroit-Warren-Dearborn, MI MSA",2019,8713740
"Detroit-Warren-Dearborn, MI MSA",2020,8891580
"Fresno, CA MSA",2007,2247180
"Fresno, CA MSA",2008,2609235
"Fresno, CA MSA",2009,3111630
"Fresno, CA MSA",2010,3432645
"Fresno, CA MSA",2011,3591015
"Fresno, CA MSA",2012,3692820
"Fresno, CA MSA",2013,3749865
"Fresno, CA MSA",2014,3843870
"Fresno, CA MSA",2015,3812475
"Fresno, CA MSA",2016,3617400
"Fresno, CA MSA",2017,3429840
"Fresno, CA MSA",2018,3451275
"Fresno, CA MSA",2019,3742650
"Fresno, CA MSA",2020,3918720
"Houston-The Woodlands-Sugar Land, TX MSA",2007,668925
"Houston-The Woodlands-Sugar Land, TX MSA",2008,838350
"Houston-The Woodlands-Sugar Land, TX MSA",2009,945765
"Houston-The Woodlands-Sugar Land, TX MSA",2010,1166430
"Houston-The Woodlands-Sugar Land, TX MSA",2011,1299660
"Houston-The Woodlands-Sugar Land, TX MSA",2012,1360515
"Houston-The Woodlands-Sugar Land, TX MSA",2013,1330200
"Houston-The Woodlands-Sugar Land, TX MSA",2014,1308915
"Houston-The Woodlands-Sugar Land, TX MSA",2015,1330560
"Houston-The Woodlands-Sugar Land, TX MSA",2016,1437570
"Houston-The Woodlands-Sugar Land, TX MSA",2017,1446405
"Houston-The Woodlands-Sugar Land, TX MSA",2018,1372950
"Houston-The Woodlands-Sugar Land, TX MSA",2019,1361805
"Houston-The Woodlands-Sugar Land, TX MSA",2020,1607490
"Indianapolis-Carmel-Anderson, IN MSA",2007,1784745
"Indianapolis-Carmel-Anderson, IN MSA",2008,2064630
"Indianapolis-Carmel-Anderson, IN MSA",2009,2446920
"Indianapolis-Carmel-Anderson, IN MSA",2010,2655405
"Indianapolis-Carmel-Anderson, IN MSA",2011,2781660
"Indianapolis-Carmel-Anderson, IN MSA",2012,3008505
"Indianapolis-Carmel-Anderson, IN MSA",2013,3021555
"Indianapolis-Carmel-Anderson, IN MSA",2014,2896890
"Indianapolis-Carmel-Anderson, IN MSA",2015,2612460
"Indianapolis-Carmel-Anderson, IN MSA",2016,2290350
"Indianapolis-Carmel-Anderson, IN MSA",2017,2124660
"Indianapolis-Carmel-Anderson, IN MSA",2018,1996230
"Indianapolis-Carmel-Anderson, IN MSA",2019,1964355
"Indianapolis-Carmel-Anderson, IN MSA",2020,2298420
"Jacksonville, FL MSA",2007,1352130
"Jacksonville, FL MSA",2008,1725405
"Jacksonville, FL MSA",2009,2396280
"Jacksonville, FL MSA",2010,2890470
"Jacksonville, FL MSA",2011,3126225
"Jacksonville, FL MSA",2012,3238680
"Jacksonville, FL MSA",2013,3332820
"Jacksonville, FL MSA",2014,3487020
"Jacksonville, FL MSA",2015,3360765
"Jacksonville, FL MSA",2016,2991045
"Jacksonville, FL MSA",2017,2889165
"Jacksonville, FL MSA",2018,2744850
"Jacksonville, FL MSA",2019,2853300
"Jacksonville, FL MSA",2020,3298725
"Kansas City, MO-KS MSA",2007,165465
"Kansas City, MO-KS MSA",2008,200700
"Kansas City, MO-KS MSA",2009,267015
"Kansas City, MO-KS MSA",2010,318735
"Kansas City, MO-KS MSA",2011,342150
"Kansas City, MO-KS MSA",2012,349455
"Kansas City, MO-KS MSA",2013,324090
"Kansas City, MO-KS MSA",2014,298890
"Kansas City, MO-KS MSA",2015,267825
"Kansas City, MO-KS MSA",2016,237390
"Kansas City, MO-KS MSA",2017,212580
"Kansas City, MO-KS MSA",2018,195900
"Kansas City, MO-KS MSA",2019,190650
"Kansas City, MO-KS MSA",2020,195495
"Las Vegas-Henderson-Paradise, NV MSA",2007,1565415
"Las Vegas-Henderson-Paradise, NV MSA",2008,2044185
"Las Vegas-Henderson-Paradise, NV MSA",2009,2961900
"Las Vegas-Henderson-Paradise, NV MSA",2010,3635130
"Las Vegas-Henderson-Paradise, NV MSA",2011,4009935
"Las Vegas-Henderson-Paradise, NV MSA",2012,4113840
"Las Vegas-Henderson-Paradise, NV MSA",2013,4331565
"Las Vegas-Henderson-Paradise, NV MSA",2014,4741545
"Las Vegas-Henderson-Paradise, NV MSA",2015,5124840
"Las Vegas-Henderson-Paradise, NV MSA",2016,5220045
"Las Vegas-Henderson-Paradise, NV MSA",2017,5280390
"Las Vegas-Henderson-Paradise, NV MSA",2018,5161650
"Las Vegas-Henderson-Paradise, NV MSA",2019,5284290
"Las Vegas-Henderson-Paradise, NV MSA",2020,5596920
"Los Angeles-Long Beach-Anaheim, CA MSA",2007,11754975
"Los Angeles-Long Beach-Anaheim, CA MSA",2008,13328055
"Los Angeles-Long Beach-Anaheim, CA MSA",2009,16109640
"Los Angeles-Long Beach-Anaheim, CA MSA",2010,18511185
"Los Angeles-Long Beach-Anaheim, CA MSA",2011,20202480
"Los Angeles-Long Beach-Anaheim, CA MSA",2012,21403365
"Los Angeles-Long Beach-Anaheim, CA MSA",2013,22580655
"Los Angeles-Long Beach-Anaheim, CA MSA",2014,23304870
"Los Angeles-Long Beach-Anaheim, CA MSA",2015,22815060
"Los Angeles-Long Beach-Anaheim, CA MSA",2016,21285765
"Los Angeles-Long Beach-Anaheim, CA MSA",2017,20702355
"Los Angeles-Long Beach-Anaheim, CA MSA",2018,19956585
"Los Angeles-Long Beach-Anaheim, CA MSA",2019,22585590
"Los Angeles-Long Beach-Anaheim, CA MSA",2020,23648115
"Louisville/Jefferson County, KY-IN MSA",2007,1362630
"Louisville/Jefferson County, KY-IN MSA",2008,1505010
"Louisville/Jefferson County, KY-IN MSA",2009,1735755
"Louisville/Jefferson County, KY-IN MSA",2010,1912200
"Louisville/Jefferson County, KY-IN MSA",2011,1988430
"Louisville/Jefferson County, KY-IN MSA",2012,2096625
"Louisville/Jefferson County, KY-IN MSA",2013,2028720
"Louisville/Jefferson County, KY-IN MSA",2014,1929870
"Louisville/Jefferson County, KY-IN MSA",2015,1672320
"Louisville/Jefferson County, KY-IN MSA",2016,1443960
"Louisville/Jefferson County, KY-IN MSA",2017,1365105
"Louisville/Jefferson County, KY-IN MSA",2018,1219830
"Louisville/Jefferson County, KY-IN MSA",2019,1150620
"Louisville/Jefferson County, KY-IN MSA",2020,1474515
"Memphis, TN-MS-AR MSA",2007,2818215
"Memphis, TN-MS-AR MSA",2008,3159060
"Memphis, TN-MS-AR MSA",2009,3555270
"Memphis, TN-MS-AR MSA",2010,3791400
"Memphis, TN-MS-AR MSA",2011,3831210
"Memphis, TN-MS-AR MSA",2012,3993885
"Memphis, TN-MS-AR MSA",2013,3967065
"Memphis, TN-MS-AR MSA",2014,3790410
"Memphis, TN-MS-AR MSA",2015,3487650
"Memphis, TN-MS-AR MSA",2016,3342390
"Memphis, TN-MS-AR MSA",2017,3214665
"Memphis, TN-MS-AR MSA",2018,2896305
"Memphis, TN-MS-AR MSA",2019,2841495
"Memphis, TN-MS-AR MSA",2020,2937435
"Miami-Fort Lauderdale-Pompano Beach, FL MSA",2007,7167495
"Miami-Fort Lauderdale-Pompano Beach, FL MSA",2008,8791275
"Miami-Fort Lauderdale-Pompano Beach, FL MSA",2009,11508450
"Miami-Fort Lauderdale-Pompano Beach, FL MSA",2010,13953795
"Miami-Fort Lauderdale-Pompano Beach, FL MSA",2011,15470175
"Miami-Fort Lauderdale-Pompano Beach, FL MSA",2012,16738710
"Miami-Fort Lauderdale-Pompano Beach, FL MSA",2013,17016165
"Miami-Fort Lauderdale-Pompano Beach, FL MSA",2014,17594445
"Miami-Fort Lauderdale-Pompano Beach, FL MSA",2015,17357610
"Miami-Fort Lauderdale-Pompano Beach, FL MSA",2016,16259835
"Miami-Fort Lauderdale-Pompano Beach, FL MSA",2017,15440340
"Miami-Fort Lauderdale-Pompano Beach, FL MSA",2018,14306640
"Miami-Fort Lauderdale-Pompano Beach, FL MSA",2019,14337600
"Miami-Fort Lauderdale-Pompano Beach, FL MSA",2020,18239235
"Milwaukee-Waukesha, WI MSA",2007,2258070
"Milwaukee-Waukesha, WI MSA",2008,2598285
"Milwaukee-Waukesha, WI MSA",2009,3289470
"Milwaukee-Waukesha, WI MSA",2010,3715470
"Milwaukee-Waukesha, WI MSA",2011,3923295
"Milwaukee-Waukesha, WI MSA",2012,4262460
"Milwaukee-Waukesha, WI MSA",2013,4277865
"Milwaukee-Waukesha, WI MSA",2014,4225065
"Milwaukee-Waukesha, WI MSA",2015,3924975
"Milwaukee-Waukesha, WI MSA",2016,3637335
"Milwaukee-Waukesha, WI MSA",2017,3508275
"Milwaukee-Waukesha, WI MSA",2018,3391500
"Milwaukee-Waukesha, WI MSA",2019,3438645
"Milwaukee-Waukesha, WI MSA",2020,3990960
"Minneapolis-St Paul-Bloomington, MN-WI MSA",2007,1931175
"Minneapolis-St Paul-Bloomington, MN-WI MSA",2008,2107725
"Minneapolis-St Paul-Bloomington, MN-WI MSA",2009,2596140
"Minneapolis-St Paul-Bloomington, MN-WI MSA",2010,3026415
"Minneapolis-St Paul-Bloomington, MN-WI MSA",2011,3271995
"Minneapolis-St Paul-Bloomington, MN-WI MSA",2012,3394110
"Minneapolis-St Paul-Bloomington, MN-WI MSA",2013,3420390
"Minneapolis-St Paul-Bloomington, MN-WI MSA",2014,3154755
"Minneapolis-St Paul-Bloomington, MN-WI MSA",2015,3077655
"Minneapolis-St Paul-Bloomington, MN-WI MSA",2016,2930190
"Minneapolis-St Paul-Bloomington, MN-WI MSA",2017,2785170
"Minneapolis-St Paul-Bloomington, MN-WI MSA",2018,2678220
"Minneapolis-St Paul-Bloomington, MN-WI MSA",2019,2642700
"Minneapolis-St Paul-Bloomington, MN-WI MSA",2020,2949255
"Nashville-Davidson--Murfreesboro--Franklin, TN MSA",2007,1241535
"Nashville-Davidson--Murfreesboro--Franklin, TN MSA",2008,1398195
"Nashville-Davidson--Murfreesboro--Franklin, TN MSA",2009,1643310
"Nashville-Davidson--Murfreesboro--Franklin, TN MSA",2010,1808415
"Nashville-Davidson--Murfreesboro--Franklin, TN MSA",2011,1890390
"Nashville-Davidson--Murfreesboro--Franklin, TN MSA",2012,1975950
"Nashville-Davidson--Murfreesboro--Franklin, TN MSA",2013,1961790
"Nashville-Davidson--Murfreesboro--Franklin, TN MSA",2014,1834275
"Nashville-Davidson--Murfreesboro--Franklin, TN MSA",2015,1667130
"Nashville-Davidson--Murfreesboro--Franklin, TN MSA",2016,1401135
"Nashville-Davidson--Murfreesboro--Franklin, TN MSA",2017,1208940
"Nashville-Davidson--Murfreesboro--Franklin, TN MSA",2018,1146870
"Nashville-Davidson--Murfreesboro--Franklin, TN MSA",2019,1088805
"Nashville-Davidson--Murfreesboro--Franklin, TN MSA",2020,1152510
"New York-Newark-Jersey City, NY-NJ-PA MSA",2007,22685760
"New York-Newark-Jersey City, NY-NJ-PA MSA",2008,26704575
"New York-Newark-Jersey City, NY-NJ-PA MSA",2009,32546415
"New York-Newark-Jersey City, NY-NJ-PA MSA",2010,36783435
"New York-Newark-Jersey City, NY-NJ-PA MSA",2011,38458230
"New York-Newark-Jersey City, NY-NJ-PA MSA",2012,39639675
"New York-Newark-Jersey City, NY-NJ-PA MSA",2013,39641970
"New York-Newark-Jersey City, NY-NJ-PA MSA",2014,38466255
"New York-Newark-Jersey City, NY-NJ-PA MSA",2015,37499610
"New York-Newark-Jersey City, NY-NJ-PA MSA",2016,36880770
"New York-Newark-Jersey City, NY-NJ-PA MSA",2017,35220180
"New York-Newark-Jersey City, NY-NJ-PA MSA",2018,33419760
"New York-Newark-Jersey City, NY-NJ-PA MSA",2019,32180580
"New York-Newark-Jersey City, NY-NJ-PA MSA",2020,35709930
"Oklahoma City, OK MSA",2007,1666770
"Oklahoma City, OK MSA",2008,1818975
"Oklahoma City, OK MSA",2009,2256600
"Oklahoma City, OK MSA",2010,2484810
"Oklahoma City, OK MSA",2011,2472585
"Oklahoma City, OK MSA",2012,2485170
"Oklahoma City, OK MSA",2013,2459250
"Oklahoma City, OK MSA",2014,2434320
"Oklahoma City, OK MSA",2015,2514195
"Oklahoma City, OK MSA",2016,2526645
"Oklahoma City, OK MSA",2017,2493165
"Oklahoma City, OK MSA",2018,2467080
"Oklahoma City, OK MSA",2019,2555685
"Oklahoma City, OK MSA",2020,2820150
"Orlando-Kissimmee-Sanford, FL MSA",2007,1772805
"Orlando-Kissimmee-Sanford, FL MSA",2008,2219535
"Orlando-Kissimmee-Sanford, FL MSA",2009,3277395
"Orlando-Kissimmee-Sanford, FL MSA",2010,4222065
"Orlando-Kissimmee-Sanford, FL MSA",2011,4771110
"Orlando-Kissimmee-Sanford, FL MSA",2012,5541900
"Orlando-Kissimmee-Sanford, FL MSA",2013,5368815
"Orlando-Kissimmee-Sanford, FL MSA",2014,5663100
"Orlando-Kissimmee-Sanford, FL MSA",2015,5610270
"Orlando-Kissimmee-Sanford, FL MSA",2016,5088090
"Orlando-Kissimmee-Sanford, FL MSA",2017,4796655
"Orlando-Kissimmee-Sanford, FL MSA",2018,4629795
"Orlando-Kissimmee-Sanford, FL MSA",2019,4582770
"Orlando-Kissimmee-Sanford, FL MSA",2020,5810850
"Philadelphia-Camden-Wilmington, PA-NJ-DE-MD MSA",2007,9840429
"Philadelphia-Camden-Wilmington, PA-NJ-DE-MD MSA",2008,10880275
"Philadelphia-Camden-Wilmington, PA-NJ-DE-MD MSA",2009,12897379
"Philadelphia-Camden-Wilmington, PA-NJ-DE-MD MSA",2010,14467484
"Philadelphia-Camden-Wilmington, PA-NJ-DE-MD MSA",2011,15779837
"Philadelphia-Camden-Wilmington, PA-NJ-DE-MD MSA",2012,16235287
"Philadelphia-Camden-Wilmington, PA-NJ-DE-MD MSA",2013,16319476
"Philadelphia-Camden-Wilmington, PA-NJ-DE-MD MSA",2014,16526484
"Philadelphia-Camden-Wilmington, PA-NJ-DE-MD MSA",2015,16788415
"Philadelphia-Camden-Wilmington, PA-NJ-DE-MD MSA",2016,16351934
"Philadelphia-Camden-Wilmington, PA-NJ-DE-MD MSA",2017,15889144
"Philadelphia-Camden-Wilmington, PA-NJ-DE-MD MSA",2018,15285107
"Philadelphia-Camden-Wilmington, PA-NJ-DE-MD MSA",2019,14992814
"Philadelphia-Camden-Wilmington, PA-NJ-DE-MD MSA",2020,15753316
"Phoenix-Mesa-Chandler, AZ MSA",2007,4924470
"Phoenix-Mesa-Chandler, AZ MSA",2008,6359385
"Phoenix-Mesa-Chandler, AZ MSA",2009,8683845
"Phoenix-Mesa-Chandler, AZ MSA",2010,9364185
"Phoenix-Mesa-Chandler, AZ MSA",2011,9964725
"Phoenix-Mesa-Chandler, AZ MSA",2012,10021380
"Phoenix-Mesa-Chandler, AZ MSA",2013,9530850
"Phoenix-Mesa-Chandler, AZ MSA",2014,9018705
"Phoenix-Mesa-Chandler, AZ MSA",2015,8630280
"Phoenix-Mesa-Chandler, AZ MSA",2016,8201355
"Phoenix-Mesa-Chandler, AZ MSA",2017,7550640
"Phoenix-Mesa-Chandler, AZ MSA",2018,6993330
"Phoenix-Mesa-Chandler, AZ MSA",2019,7027905
"Phoenix-Mesa-Chandler, AZ MSA",2020,7903575
"Pittsburgh, PA MSA",2007,1741350
"Pittsburgh, PA MSA",2008,1862910
"Pittsburgh, PA MSA",2009,2132235
"Pittsburgh, PA MSA",2010,2304015
"Pittsburgh, PA MSA",2011,2417160
"Pittsburgh, PA MSA",2012,2390820
"Pittsburgh, PA MSA",2013,2401530
"Pittsburgh, PA MSA",2014,2401500
"Pittsburgh, PA MSA",2015,2408280
"Pittsburgh, PA MSA",2016,2324250
"Pittsburgh, PA MSA",2017,2286525
"Pittsburgh, PA MSA",2018,2202390
"Pittsburgh, PA MSA",2019,2226885
"Pittsburgh, PA MSA",2020,2389185
"Portland-Vancouver-Hillsboro, OR-WA MSA",2007,2507835
"Portland-Vancouver-Hillsboro, OR-WA MSA",2008,2979120
"Portland-Vancouver-Hillsboro, OR-WA MSA",2009,3887550
"Portland-Vancouver-Hillsboro, OR-WA MSA",2010,4390890
"Portland-Vancouver-Hillsboro, OR-WA MSA",2011,4662705
"Portland-Vancouver-Hillsboro, OR-WA MSA",2012,4724175
"Portland-Vancouver-Hillsboro, OR-WA MSA",2013,4691940
"Portland-Vancouver-Hillsboro, OR-WA MSA",2014,4559250
"Portland-Vancouver-Hillsboro, OR-WA MSA",2015,4244685
"Portland-Vancouver-Hillsboro, OR-WA MSA",2016,3753510
"Portland-Vancouver-Hillsboro, OR-WA MSA",2017,3414390
"Portland-Vancouver-Hillsboro, OR-WA MSA",2018,3242880
"Portland-Vancouver-Hillsboro, OR-WA MSA",2019,3336630
"Portland-Vancouver-Hillsboro, OR-WA MSA",2020,3883515
"Providence-Warwick, RI-MA MSA",2007,1221990
"Providence-Warwick, RI-MA MSA",2008,1409505
"Providence-Warwick, RI-MA MSA",2009,1931190
"Providence-Warwick, RI-MA MSA",2010,2294220
"Providence-Warwick, RI-MA MSA",2011,2504085
"Providence-Warwick, RI-MA MSA",2012,2629635
"Providence-Warwick, RI-MA MSA",2013,2638800
"Providence-Warwick, RI-MA MSA",2014,2580945
"Providence-Warwick, RI-MA MSA",2015,2530725
"Providence-Warwick, RI-MA MSA",2016,2461230
"Providence-Warwick, RI-MA MSA",2017,2421540
"Providence-Warwick, RI-MA MSA",2018,2278695
"Providence-Warwick, RI-MA MSA",2019,2176665
"Providence-Warwick, RI-MA MSA",2020,2096505
"Raleigh-Cary, NC MSA",2007,1134975
"Raleigh-Cary, NC MSA",2008,1320780
"Raleigh-Cary, NC MSA",2009,1566705
"Raleigh-Cary, NC MSA",2010,1884600
"Raleigh-Cary, NC MSA",2011,2052345
"Raleigh-Cary, NC MSA",2012,2185965
"Raleigh-Cary, NC MSA",2013,1910385
"Raleigh-Cary, NC MSA",2014,2037945
"Raleigh-Cary, NC MSA",2015,2065425
"Raleigh-Cary, NC MSA",2016,1895370
"Raleigh-Cary, NC MSA",2017,1922640
"Raleigh-Cary, NC MSA",2018,1722495
"Raleigh-Cary, NC MSA",2019,1680525
"Raleigh-Cary, NC MSA",2020,2031735
"Richmond, VA MSA",2007,1062195
"Richmond, VA MSA",2008,1208700
"Richmond, VA MSA",2009,1511670
"Richmond, VA MSA",2010,1735350
"Richmond, VA MSA",2011,1890795
"Richmond, VA MSA",2012,1979880
"Richmond, VA MSA",2013,1959000
"Richmond, VA MSA",2014,1803375
"Richmond, VA MSA",2015,1712715
"Richmond, VA MSA",2016,1615530
"Richmond, VA MSA",2017,1516755
"Richmond, VA MSA",2018,1470735
"Richmond, VA MSA",2019,1468410
"Richmond, VA MSA",2020,1635735
"Riverside-San Bernardino-Ontario, CA MSA",2007,3748665
"Riverside-San Bernardino-Ontario, CA MSA",2008,4878120
"Riverside-San Bernardino-Ontario, CA MSA",2009,6670725
"Riverside-San Bernardino-Ontario, CA MSA",2010,7992360
"Riverside-San Bernardino-Ontario, CA MSA",2011,8863125
"Riverside-San Bernardino-Ontario, CA MSA",2012,9598380
"Riverside-San Bernardino-Ontario, CA MSA",2013,9977820
"Riverside-San Bernardino-Ontario, CA MSA",2014,10135455
"Riverside-San Bernardino-Ontario, CA MSA",2015,10312215
"Riverside-San Bernardino-Ontario, CA MSA",2016,9913605
"Riverside-San Bernardino-Ontario, CA MSA",2017,9337755
"Riverside-San Bernardino-Ontario, CA MSA",2018,8502225
"Riverside-San Bernardino-Ontario, CA MSA",2019,9008505
"Riverside-San Bernardino-Ontario, CA MSA",2020,9432315
"Sacramento-Roseville-Folsom, CA MSA",2007,1869600
"Sacramento-Roseville-Folsom, CA MSA",2008,2191950
"Sacramento-Roseville-Folsom, CA MSA",2009,2572140
"Sacramento-Roseville-Folsom, CA MSA",2010,2848065
"Sacramento-Roseville-Folsom, CA MSA",2011,2994585
"Sacramento-Roseville-Folsom, CA MSA",2012,3094335
"Sacramento-Roseville-Folsom, CA MSA",2013,3197655
"Sacramento-Roseville-Folsom, CA MSA",2014,3205695
"Sacramento-Roseville-Folsom, CA MSA",2015,3220860
"Sacramento-Roseville-Folsom, CA MSA",2016,3083400
"Sacramento-Roseville-Folsom, CA MSA",2017,3002370
"Sacramento-Roseville-Folsom, CA MSA",2018,2804520
"Sacramento-Roseville-Folsom, CA MSA",2019,3244785
"Sacramento-Roseville-Folsom, CA MSA",2020,3397440
"Salt Lake City, UT MSA",2007,1004475
"Salt Lake City, UT MSA",2008,1343490
"Salt Lake City, UT MSA",2009,1923030
"Salt Lake City, UT MSA",2010,2293920
"Salt Lake City, UT MSA",2011,2344035
"Salt Lake City, UT MSA",2012,2107980
"Salt Lake City, UT MSA",2013,1905540
"Salt Lake City, UT MSA",2014,1852980
"Salt Lake City, UT MSA",2015,1783830
"Salt Lake City, UT MSA",2016,1680915
"Salt Lake City, UT MSA",2017,1542825
"Salt Lake City, UT MSA",2018,1393875
"Salt Lake City, UT MSA",2019,1302765
"Salt Lake City, UT MSA",2020,1300920
"San Antonio-New Braunfels, TX MSA",2007,2868600
"San Antonio-New Braunfels, TX MSA",2008,3228210
"San Antonio-New Braunfels, TX MSA",2009,3891165
"San Antonio-New Braunfels, TX MSA",2010,4486725
"San Antonio-New Braunfels, TX MSA",2011,4739685
"San Antonio-New Braunfels, TX MSA",2012,4707255
"San Antonio-New Braunfels, TX MSA",2013,4620645
"San Antonio-New Braunfels, TX MSA",2014,4471320
"San Antonio-New Braunfels, TX MSA",2015,4460355
"San Antonio-New Braunfels, TX MSA",2016,4392975
"San Antonio-New Braunfels, TX MSA",2017,4421760
"San Antonio-New Braunfels, TX MSA",2018,4150410
"San Antonio-New Braunfels, TX MSA",2019,4078620
"San Antonio-New Braunfels, TX MSA",2020,4256895
"San Diego-Chula Vista-Carlsbad, CA MSA",2007,1453050
"San Diego-Chula Vista-Carlsbad, CA MSA",2008,1770930
"San Diego-Chula Vista-Carlsbad, CA MSA",2009,2303670
"San Diego-Chula Vista-Carlsbad, CA MSA",2010,2903700
"San Diego-Chula Vista-Carlsbad, CA MSA",2011,3452205
"San Diego-Chula Vista-Carlsbad, CA MSA",2012,3734625
"San Diego-Chula Vista-Carlsbad, CA MSA",2013,3963390
"San Diego-Chula Vista-Carlsbad, CA MSA",2014,4441140
"San Diego-Chula Vista-Carlsbad, CA MSA",2015,4269240
"San Diego-Chula Vista-Carlsbad, CA MSA",2016,4159785
"San Diego-Chula Vista-Carlsbad, CA MSA",2017,3920310
"San Diego-Chula Vista-Carlsbad, CA MSA",2018,3713100
"San Diego-Chula Vista-Carlsbad, CA MSA",2019,4168755
"San Diego-Chula Vista-Carlsbad, CA MSA",2020,4364880
"San Francisco-Oakland-Berkeley, CA MSA",2007,1690830
"San Francisco-Oakland-Berkeley, CA MSA",2008,1889835
"San Francisco-Oakland-Berkeley, CA MSA",2009,2201550
"San Francisco-Oakland-Berkeley, CA MSA",2010,2466915
"San Francisco-Oakland-Berkeley, CA MSA",2011,2761515
"San Francisco-Oakland-Berkeley, CA MSA",2012,2879895
"San Francisco-Oakland-Berkeley, CA MSA",2013,2897850
"San Francisco-Oakland-Berkeley, CA MSA",2014,2871000
"San Francisco-Oakland-Berkeley, CA MSA",2015,2765085
"San Francisco-Oakland-Berkeley, CA MSA",2016,2650425
"San Francisco-Oakland-Berkeley, CA MSA",2017,2506170
"San Francisco-Oakland-Berkeley, CA MSA",2018,2315640
"San Francisco-Oakland-Berkeley, CA MSA",2019,2793165
"San Francisco-Oakland-Berkeley, CA MSA",2020,2924565
"San Jose-Sunnyvale-Santa Clara, CA MSA",2007,942555
"San Jose-Sunnyvale-Santa Clara, CA MSA",2008,1050885
"San Jose-Sunnyvale-Santa Clara, CA MSA",2009,1264425
"San Jose-Sunnyvale-Santa Clara, CA MSA",2010,1444935
"San Jose-Sunnyvale-Santa Clara, CA MSA",2011,1525560
"San Jose-Sunnyvale-Santa Clara, CA MSA",2012,1586175
"San Jose-Sunnyvale-Santa Clara, CA MSA",2013,1667730
"San Jose-Sunnyvale-Santa Clara, CA MSA",2014,1647510
"San Jose-Sunnyvale-Santa Clara, CA MSA",2015,1608870
"San Jose-Sunnyvale-Santa Clara, CA MSA",2016,1486500
"San Jose-Sunnyvale-Santa Clara, CA MSA",2017,1322700
"San Jose-Sunnyvale-Santa Clara, CA MSA",2018,1141425
"San Jose-Sunnyvale-Santa Clara, CA MSA",2019,1259535
"San Jose-Sunnyvale-Santa Clara, CA MSA",2020,1318800
"Seattle-Tacoma-Bellevue, WA MSA",2007,3266730
"Seattle-Tacoma-Bellevue, WA MSA",2008,4071615
"Seattle-Tacoma-Bellevue, WA MSA",2009,5573430
"Seattle-Tacoma-Bellevue, WA MSA",2010,6515055
"Seattle-Tacoma-Bellevue, WA MSA",2011,7071195
"Seattle-Tacoma-Bellevue, WA MSA",2012,7259235
"Seattle-Tacoma-Bellevue, WA MSA",2013,7162005
"Seattle-Tacoma-Bellevue, WA MSA",2014,6971640
"Seattle-Tacoma-Bellevue, WA MSA",2015,6611535
"Seattle-Tacoma-Bellevue, WA MSA",2016,5877465
"Seattle-Tacoma-Bellevue, WA MSA",2017,5523660
"Seattle-Tacoma-Bellevue, WA MSA",2018,5189250
"Seattle-Tacoma-Bellevue, WA MSA",2019,5155380
"Seattle-Tacoma-Bellevue, WA MSA",2020,5973255
"St. Louis, MO-IL MSA",2007,3120720
"St. Louis, MO-IL MSA",2008,2904375
"St. Louis, MO-IL MSA",2009,3259635
"St. Louis, MO-IL MSA",2010,3425295
"St. Louis, MO-IL MSA",2011,3490260
"St. Louis, MO-IL MSA",2012,3453525
"St. Louis, MO-IL MSA",2013,3263625
"St. Louis, MO-IL MSA",2014,3159450
"St. Louis, MO-IL MSA",2015,3067050
"St. Louis, MO-IL MSA",2016,2773605
"St. Louis, MO-IL MSA",2017,2690910
"St. Louis, MO-IL MSA",2018,2547930
"St. Louis, MO-IL MSA",2019,2531895
"St. Louis, MO-IL MSA",2020,2684955
"Tampa-St Petersburg-Clearwater, FL MSA",2007,2450355
"Tampa-St Petersburg-Clearwater, FL MSA",2008,3156435
"Tampa-St Petersburg-Clearwater, FL MSA",2009,4348470
"Tampa-St Petersburg-Clearwater, FL MSA",2010,5405430
"Tampa-St Petersburg-Clearwater, FL MSA",2011,5899425
"Tampa-St Petersburg-Clearwater, FL MSA",2012,6322920
"Tampa-St Petersburg-Clearwater, FL MSA",2013,6245925
"Tampa-St Petersburg-Clearwater, FL MSA",2014,6444090
"Tampa-St Petersburg-Clearwater, FL MSA",2015,6216315
"Tampa-St Petersburg-Clearwater, FL MSA",2016,5465880
"Tampa-St Petersburg-Clearwater, FL MSA",2017,5145060
"Tampa-St Petersburg-Clearwater, FL MSA",2018,4875810
"Tampa-St Petersburg-Clearwater, FL MSA",2019,4896570
"Tampa-St Petersburg-Clearwater, FL MSA",2020,5710905
"Virginia Beach-Norfolk-Newport News, VA-NC MSA",2007,1689015
"Virginia Beach-Norfolk-Newport News, VA-NC MSA",2008,1903965
"Virginia Beach-Norfolk-Newport News, VA-NC MSA",2009,2359545
"Virginia Beach-Norfolk-Newport News, VA-NC MSA",2010,2634375
"Virginia Beach-Norfolk-Newport News, VA-NC MSA",2011,2848050
"Virginia Beach-Norfolk-Newport News, VA-NC MSA",2012,2977710
"Virginia Beach-Norfolk-Newport News, VA-NC MSA",2013,2968965
"Virginia Beach-Norfolk-Newport News, VA-NC MSA",2014,2805135
"Virginia Beach-Norfolk-Newport News, VA-NC MSA",2015,2661585
"Virginia Beach-Norfolk-Newport News, VA-NC MSA",2016,2514855
"Virginia Beach-Norfolk-Newport News, VA-NC MSA",2017,2335290
"Virginia Beach-Norfolk-Newport News, VA-NC MSA",2018,2242335
"Virginia Beach-Norfolk-Newport News, VA-NC MSA",2019,2254995
"Virginia Beach-Norfolk-Newport News, VA-NC MSA",2020,2417805
"Washington-Arlington-Alexandria, DC-VA-MD-WV MSA",2007,2049165
"Washington-Arlington-Alexandria, DC-VA-MD-WV MSA",2008,2357580
"Washington-Arlington-Alexandria, DC-VA-MD-WV MSA",2009,2868060
"Washington-Arlington-Alexandria, DC-VA-MD-WV MSA",2010,3339870
"Washington-Arlington-Alexandria, DC-VA-MD-WV MSA",2011,3652755
"Washington-Arlington-Alexandria, DC-VA-MD-WV MSA",2012,3826365
"Washington-Arlington-Alexandria, DC-VA-MD-WV MSA",2013,3853440
"Washington-Arlington-Alexandria, DC-VA-MD-WV MSA",2014,3738540
"Washington-Arlington-Alexandria, DC-VA-MD-WV MSA",2015,3650925
"Washington-Arlington-Alexandria, DC-VA-MD-WV MSA",2016,3416790
"Washington-Arlington-Alexandria, DC-VA-MD-WV MSA",2017,3180450
"Washington-Arlington-Alexandria, DC-VA-MD-WV MSA",2018,3027705
"Washington-Arlington-Alexandria, DC-VA-MD-WV MSA",2019,2990490
"Washington-Arlington-Alexandria, DC-VA-MD-WV MSA",2020,3517980
